index,state_i-1,state_i,action
1902F2001_001,4.0,4.0,3
1902F2001_002,4.0,4.0,3
1902F2001_003,4.0,5.2,7
1902F2001_004,5.2,5.6,7
1902F2001_005,5.6,5.4,3
1902F2001_006,5.4,5.2,6
1902F2001_007,5.2,4.4,3
1902F2001_008,4.4,4.8,3
1902F2001_009,4.8,4.2,3
1902F2001_010,4.2,4.0,4
1902F2001_011,4.0,5.0,6
1902F2001_012,5.0,5.6,6
1902F2001_013,5.6,4.6,5
1902F2001_014,4.6,4.4,6
1902F2001_015,4.4,5.8,7
1902F2001_016,5.8,4.8,6
1902F2001_017,4.8,4.8,7
1902F2001_018,4.8,4.0,3
1902F2001_019,4.0,4.0,4
1902F2001_020,4.0,4.0,4
1902F2001_021,4.0,5.0,6
1902F2001_022,5.0,6.0,7
1902F2001_023,6.0,5.6,7
1902F2001_024,5.6,6.4,6
1902F2001_025,6.4,5.6,7
1902F2001_026,5.6,6.4,5
1902F2001_027,6.4,5.8,6
1902F2001_028,5.8,4.0,3
1902F2001_029,4.0,5.6,7
1902F2001_030,5.6,4.6,5
1902F2001_031,4.6,5.0,7
1902F2001_032,5.0,4.4,0
1902F2001_033,4.4,5.4,7
1902F2001_034,5.4,5.4,6
1902F2001_035,5.4,4.0,3
1902F2001_036,4.0,3.2,7
1902F2001_037,3.2,3.6,3
1902F2001_038,3.6,5.8,7
1902F2001_039,5.8,4.2,3
1902F2001_040,4.2,4.8,7
1902F2001_041,4.8,3.4,1
1902F2001_042,3.4,2.8,3
1902F2001_043,2.8,4.8,6
1902F2001_044,4.8,4.2,4
1902F2001_045,4.2,5.6,7
1902F2001_046,5.6,5.2,6
1902F2001_047,5.2,6.2,7
1902F2001_048,6.2,6.0,6
1902F2001_049,6.0,6.2,6
1902F2001_050,6.2,4.2,5
1902F2001_051,4.2,5.0,7
1902F2001_052,5.0,5.2,6
1902F2001_053,5.2,3.8,5
1902F2001_054,3.8,4.8,7
1902F2001_055,4.8,3.8,3
1902F2001_056,3.8,3.8,3
1902F2001_057,3.8,4.0,4
1902F2001_058,4.0,4.8,6
1902F2001_059,4.8,5.4,7
1902F2001_060,5.4,5.8,6
1902F2001_061,5.8,3.6,6
1902F2001_062,3.6,3.8,3
1902F2001_063,3.8,3.6,5
1902F2001_064,3.6,4.4,7
1902F2001_065,4.4,4.4,6
1902F2001_066,4.4,4.6,6
1902F2001_067,4.6,3.8,5
1902F2001_068,3.8,2.8,7
1902F2001_069,2.8,3.8,3
1902F2001_070,3.8,3.8,3
1902F2001_071,3.8,4.8,7
1902F2001_072,4.8,5.2,7
1902F2001_073,5.2,4.0,3
1902F2001_074,4.0,5.0,6
1902F2001_075,5.0,4.2,3
1902F2001_076,4.2,3.6,7
1902F2001_077,3.6,4.0,3
1902F2001_078,4.0,3.2,7
1902F2001_079,3.2,3.6,7
1902F2001_080,3.6,4.0,3
1902F2001_081,4.0,3.0,7
1902F2001_082,3.0,3.8,3
1902F2001_083,3.8,4.0,4
1902F2001_084,4.0,5.0,7
1902F2001_085,5.0,5.4,6
1902F2001_086,5.4,4.2,5
1902F2001_087,4.2,6.0,7
1902F2001_088,6.0,4.0,3
1902F2001_089,4.0,5.6,7
1902F2001_090,5.6,4.4,3
1902F2001_091,4.4,4.6,7
1902F2001_092,4.6,4.0,3
1902F2001_093,4.0,4.0,3
1902F2001_094,4.0,4.0,4
1902F2001_095,4.0,5.4,7
1902F2001_096,5.4,6.0,6
1902F2001_097,6.0,4.4,5
1902F2001_098,4.4,6.2,7
1902F2001_099,6.2,5.8,6
1902F2001_100,5.8,5.8,6
1902F2001_101,5.8,3.8,5
1902F2001_102,3.8,4.6,7
1902F2001_103,4.6,3.8,0
1902F2001_104,3.8,3.2,7
1902F2001_105,3.2,4.6,3
1902F2001_106,4.6,4.0,3
1902F2001_107,4.0,3.4,5
1902F2001_108,3.4,3.6,3
1902F2001_109,3.6,4.0,6
1902F2001_110,4.0,3.2,6
1902F2001_111,3.2,4.0,3
1902F2002_001,4.0,4.0,3
1902F2002_002,4.0,4.0,3
1902F2002_003,4.0,4.6,7
1902F2002_004,4.6,4.4,7
1902F2002_005,4.4,4.2,3
1902F2002_006,4.2,4.2,3
1902F2002_007,4.2,4.0,4
1902F2002_008,4.0,5.0,6
1902F2002_009,5.0,4.8,6
1902F2002_010,4.8,5.4,6
1902F2002_011,5.4,5.4,6
1902F2002_012,5.4,5.2,7
1902F2002_013,5.2,4.0,5
1902F2002_014,4.0,6.0,6
1902F2002_015,6.0,5.2,7
1902F2002_016,5.2,5.0,6
1902F2002_017,5.0,5.6,7
1902F2002_018,5.6,4.6,6
1902F2002_019,4.6,4.4,3
1902F2002_020,4.4,4.0,3
1902F2002_021,4.0,4.2,3
1902F2002_022,4.2,4.0,4
1902F2002_023,4.0,5.2,6
1902F2002_024,5.2,4.0,3
1902F2002_025,4.0,5.2,6
1902F2002_026,5.2,4.0,4
1902F2002_027,4.0,5.0,7
1902F2002_028,5.0,5.2,6
1902F2002_029,5.2,5.6,6
1902F2002_030,5.6,4.4,5
1902F2002_031,4.4,4.2,3
1902F2002_032,4.2,5.6,7
1902F2002_033,5.6,5.4,6
1902F2002_034,5.4,4.4,5
1902F2002_035,4.4,4.0,4
1902F2002_036,4.0,5.6,6
1902F2002_037,5.6,5.2,6
1902F2002_038,5.2,5.0,6
1902F2002_039,5.0,4.4,5
1902F2002_040,4.4,4.0,3
1902F2002_041,4.0,4.0,4
1902F2002_042,4.0,4.2,4
1902F2002_043,4.2,3.8,7
1902F2002_044,3.8,4.0,7
1902F2002_045,4.0,5.6,7
1902F2002_046,5.6,4.4,3
1902F2002_047,4.4,5.4,6
1902F2002_048,5.4,4.6,5
1902F2002_049,4.6,4.0,3
1902F2002_050,4.0,4.0,4
1902F2002_051,4.0,5.0,6
1902F2002_052,5.0,5.6,7
1902F2002_053,5.6,6.2,6
1902F2002_054,6.2,4.0,3
1902F2002_055,4.0,5.6,7
1902F2002_056,5.6,5.2,7
1902F2002_057,5.2,4.2,5
1902F2002_058,4.2,5.0,7
1902F2002_059,5.0,4.8,5
1902F2002_060,4.8,3.0,7
1902F2002_061,3.0,4.0,3
1902F2002_062,4.0,5.8,7
1902F2002_063,5.8,6.0,3
1902F2002_067,6.0,4.0,3
1902F2002_068,4.0,5.0,7
1902F2002_069,5.0,4.8,6
1902F2002_070,4.8,3.8,3
1902F2002_071,3.8,3.6,7
1902F2002_072,3.6,4.2,3
1902F2002_073,4.2,3.4,7
1902F2002_074,3.4,4.0,3
1902F2002_075,4.0,5.0,7
1902F2002_076,5.0,5.2,6
1902F2002_077,5.2,5.0,5
1902F2002_078,5.0,5.4,6
1902F2002_079,5.4,4.8,3
1902F2002_080,4.8,4.0,4
1902F2002_081,4.0,4.0,4
1902F2002_082,4.0,5.2,7
1902F2002_083,5.2,5.6,6
1902F2002_084,5.6,4.0,3
1902F2002_085,4.0,5.4,7
1902F2002_086,5.4,6.2,6
1902F2002_087,6.2,4.8,5
1902F2002_088,4.8,5.6,7
1902F2002_089,5.6,5.8,6
1902F2002_090,5.8,4.6,5
1902F2002_091,4.6,5.8,7
1902F2002_092,5.8,4.8,5
1902F2002_093,4.8,4.0,3
1902F2002_094,4.0,4.8,6
1902F2002_095,4.8,5.0,6
1902F2002_096,5.0,4.2,3
1902F2002_097,4.2,3.2,7
1902F2002_098,3.2,2.8,7
1902F2002_099,2.8,3.2,0
1902F2002_100,3.2,3.2,3
1902F2002_101,3.2,4.0,5
1902F2002_102,4.0,4.0,3
1902F3001_001,4.0,4.8,3
1902F3001_002,4.8,4.8,3
1902F3001_003,4.8,5.4,7
1902F3001_004,5.4,5.4,7
1902F3001_005,5.4,5.4,3
1902F3001_006,5.4,5.0,3
1902F3001_007,5.0,4.2,4
1902F3001_008,4.2,5.4,6
1902F3001_009,5.4,5.6,6
1902F3001_010,5.6,4.2,6
1902F3001_011,4.2,4.8,6
1902F3001_012,4.8,6.0,7
1902F3001_013,6.0,3.8,5
1902F3001_014,3.8,4.0,4
1902F3001_016,4.0,4.0,4
1902F3001_017,4.0,4.8,6
1902F3001_018,4.8,4.6,6
1902F3001_019,4.6,2.8,4
1902F3001_020,2.8,3.2,7
1902F3001_021,3.2,3.4,7
1902F3001_022,3.4,4.2,3
1902F3001_023,4.2,3.2,7
1902F3001_026,3.2,4.0,4
1902F3001_027,4.0,5.0,7
1902F3001_028,5.0,5.4,6
1902F3001_029,5.4,5.4,7
1902F3001_030,5.4,5.0,6
1902F3001_031,5.0,3.8,7
1902F3001_032,3.8,3.6,3
1902F3001_033,3.6,4.8,7
1902F3001_034,4.8,4.0,3
1902F3001_035,4.0,3.8,4
1902F3001_036,3.8,5.4,7
1902F3001_037,5.4,5.8,7
1902F3001_038,5.8,4.2,3
1902F3001_039,4.2,4.2,7
1902F3001_040,4.2,3.6,3
1902F3001_041,3.6,3.6,7
1902F3001_042,3.6,3.4,7
1902F3001_043,3.4,2.8,7
1902F3001_044,2.8,5.0,7
1902F3001_045,5.0,5.2,6
1902F3001_046,5.2,4.6,3
1902F3001_047,4.6,4.0,4
1902F3001_048,4.0,4.0,4
1902F3001_049,4.0,5.6,6
1902F3001_050,5.6,3.6,7
1902F3001_051,3.6,4.6,3
1902F3001_052,4.6,4.8,6
1902F3001_053,4.8,4.0,7
1902F3001_054,4.0,2.8,5
1902F3001_055,2.8,4.6,7
1902F3001_056,4.6,4.6,7
1902F3001_057,4.6,5.2,6
1902F3001_058,5.2,4.2,3
1902F3001_059,4.2,4.0,3
1902F3001_060,4.0,3.2,6
1902F3001_061,3.2,5.2,6
1902F3001_062,5.2,4.0,3
1902F3001_063,4.0,4.2,3
1902F3002_001,4.0,4.0,3
1902F3002_002,4.0,4.2,3
1902F3002_003,4.2,4.8,7
1902F3002_004,4.8,5.2,7
1902F3002_005,5.2,5.0,3
1902F3002_006,5.0,4.8,3
1902F3002_007,4.8,4.0,4
1902F3002_008,4.0,5.2,6
1902F3002_009,5.2,6.2,6
1902F3002_010,6.2,5.0,6
1902F3002_011,5.0,6.0,7
1902F3002_012,6.0,6.0,7
1902F3002_013,6.0,6.0,6
1902F3002_014,6.0,5.0,5
1902F3002_015,5.0,5.2,7
1902F3002_016,5.2,5.0,3
1902F3002_017,5.0,3.8,5
1902F3002_018,3.8,4.8,6
1902F3002_019,4.8,4.4,5
1902F3002_020,4.4,4.6,3
1902F3002_021,4.6,4.0,4
1902F3002_022,4.0,4.4,4
1902F3002_023,4.4,5.0,6
1902F3002_024,5.0,5.2,6
1902F3002_025,5.2,4.8,6
1902F3002_026,4.8,3.8,3
1902F3002_027,3.8,4.8,7
1902F3002_028,4.8,5.0,7
1902F3002_029,5.0,3.8,3
1902F3002_030,3.8,4.6,3
1902F3002_031,4.6,4.0,4
1902F3002_032,4.0,5.2,7
1902F3002_033,5.2,4.8,6
1902F3002_034,4.8,5.0,6
1902F3002_035,5.0,4.2,5
1902F3002_036,4.2,4.2,4
1902F3002_037,4.2,5.0,6
1902F3002_038,5.0,5.2,6
1902F3002_039,5.2,5.4,6
1902F3002_040,5.4,5.4,7
1902F3002_041,5.4,4.8,6
1902F3002_042,4.8,4.0,5
1902F3002_043,4.0,4.2,4
1902F3002_044,4.2,4.4,7
1902F3002_045,4.4,5.2,6
1902F3002_046,5.2,6.0,6
1902F3002_047,6.0,4.0,3
1902F3002_048,4.0,4.8,7
1902F3002_049,4.8,4.0,3
1902F3002_050,4.0,4.8,7
1902F3002_051,4.8,5.2,6
1902F3002_052,5.2,4.0,3
1902F3002_053,4.0,4.0,3
1902F3002_054,4.0,4.0,3
1902F3002_055,4.0,4.0,4
1902F3002_056,4.0,3.8,4
1902F3002_057,3.8,5.4,7
1902F3002_058,5.4,5.6,6
1902F3002_059,5.6,3.6,6
1902F3002_060,3.6,5.6,7
1902F3002_061,5.6,4.2,5
1902F3002_062,4.2,5.8,6
1902F3002_063,5.8,3.8,7
1902F3002_064,3.8,4.4,7
1902F3002_065,4.4,5.6,7
1902F3002_066,5.6,4.4,5
1902F3002_067,4.4,5.0,7
1902F3002_068,5.0,4.0,3
1902F3002_069,4.0,4.0,3
1902F3002_070,4.0,4.2,4
1902F3002_071,4.2,3.2,7
1902F3002_072,3.2,3.8,3
1902F3002_073,3.8,2.8,3
1902F3002_074,2.8,4.6,6
1902F3002_075,4.6,4.4,7
1902F3002_076,4.4,4.8,5
1902F3002_077,4.8,5.8,7
1902F3002_078,5.8,4.8,5
1902F3002_079,4.8,4.0,3
1902F3002_080,4.0,4.0,6
1902F3002_081,4.0,5.0,6
1902F3002_082,5.0,4.0,3
1902F4001_001,4.0,4.4,3
1902F4001_002,4.4,4.4,3
1902F4001_003,4.4,4.4,7
1902F4001_004,4.4,4.4,7
1902F4001_005,4.4,4.6,6
1902F4001_006,4.6,5.2,3
1902F4001_007,5.2,5.0,3
1902F4001_008,5.0,4.0,4
1902F4001_009,4.0,4.0,4
1902F4001_010,4.0,5.2,6
1902F4001_011,5.2,4.6,6
1902F4001_012,4.6,4.0,6
1902F4001_013,4.0,3.2,7
1902F4001_014,3.2,3.2,7
1902F4001_015,3.2,4.0,3
1902F4001_016,4.0,5.0,6
1902F4001_017,5.0,5.4,6
1902F4001_018,5.4,5.8,7
1902F4001_019,5.8,6.2,6
1902F4001_020,6.2,4.8,5
1902F4001_021,4.8,5.2,5
1902F4001_022,5.2,4.0,4
1902F4001_023,4.0,4.8,6
1902F4001_024,4.8,4.6,6
1902F4001_025,4.6,4.2,4
1902F4001_026,4.2,5.4,7
1902F4001_027,5.4,5.2,7
1902F4001_028,5.2,5.8,6
1902F4001_029,5.8,4.2,3
1902F4001_030,4.2,5.2,7
1902F4001_031,5.2,4.2,3
1902F4001_032,4.2,4.8,0
1902F4001_033,4.8,4.0,3
1902F4001_034,4.0,4.0,4
1902F4001_035,4.0,4.0,4
1902F4001_036,4.0,5.2,6
1902F4001_037,5.2,6.4,6
1902F4001_038,6.4,4.2,3
1902F4001_039,4.2,4.0,7
1902F4001_040,4.0,5.4,6
1902F4001_041,5.4,5.6,7
1902F4001_042,5.6,4.2,3
1902F4001_043,4.2,4.0,4
1902F4001_044,4.0,3.6,7
1902F4001_045,3.6,3.8,3
1902F4001_046,3.8,5.6,7
1902F4001_047,5.6,4.0,6
1902F4001_048,4.0,6.0,6
1902F4001_049,6.0,4.4,3
1902F4001_050,4.4,4.0,3
1902F4001_051,4.0,4.0,3
1902F4001_052,4.0,4.0,4
1902F4001_053,4.0,4.6,7
1902F4001_054,4.6,5.6,6
1902F4001_055,5.6,4.2,3
1902F4001_056,4.2,6.2,6
1902F4001_057,6.2,5.2,3
1902F4001_058,5.2,4.2,3
1902F4001_059,4.2,4.0,4
1902F4001_060,4.0,5.4,7
1902F4001_061,5.4,5.6,7
1902F4001_062,5.6,5.6,7
1902F4001_063,5.6,4.2,0
1902F4001_064,4.2,6.2,7
1902F4001_065,6.2,4.4,3
1902F4001_066,4.4,6.0,6
1902F4001_067,6.0,5.8,7
1902F4001_068,5.8,4.8,5
1902F4001_069,4.8,4.2,3
1902F4001_070,4.2,4.0,6
1902F4001_071,4.0,5.0,6
1902F4001_072,5.0,4.0,3
1902F4002_001,4.0,4.2,3
1902F4002_002,4.2,4.6,3
1902F4002_003,4.6,5.2,7
1902F4002_004,5.2,5.0,6
1902F4002_005,5.0,4.6,7
1902F4002_006,4.6,4.8,6
1902F4002_007,4.8,6.2,3
1902F4002_008,6.2,6.0,3
1902F4002_009,6.0,4.2,4
1902F4002_010,4.2,5.0,6
1902F4002_011,5.0,5.4,6
1902F4002_012,5.4,5.2,6
1902F4002_013,5.2,5.2,7
1902F4002_014,5.2,5.2,6
1902F4002_015,5.2,6.4,5
1902F4002_016,6.4,4.2,4
1902F4002_017,4.2,4.2,4
1902F4002_018,4.2,4.8,6
1902F4002_019,4.8,5.6,6
1902F4002_020,5.6,4.4,4
1902F4002_021,4.4,5.6,7
1902F4002_022,5.6,5.6,6
1902F4002_023,5.6,6.2,7
1902F4002_024,6.2,6.2,6
1902F4002_025,6.2,6.0,6
1902F4002_026,6.0,6.0,5
1902F4002_027,6.0,5.6,7
1902F4002_028,5.6,3.8,3
1902F4002_029,3.8,4.6,3
1902F4002_030,4.6,4.0,4
1902F4002_031,4.0,5.2,7
1902F4002_032,5.2,5.4,7
1902F4002_033,5.4,4.2,6
1902F4002_034,4.2,5.6,6
1902F4002_035,5.6,5.0,3
1902F4002_036,5.0,3.6,4
1902F4002_037,3.6,5.0,7
1902F4002_038,5.0,4.2,7
1902F4002_039,4.2,5.0,6
1902F4002_040,5.0,5.2,5
1902F4002_041,5.2,4.2,4
1902F4002_042,4.2,3.8,7
1902F4002_043,3.8,3.8,6
1902F4002_044,3.8,3.6,3
1902F4002_045,3.6,3.6,7
1902F4002_046,3.6,3.8,3
1902F4002_047,3.8,3.6,7
1902F4002_048,3.6,3.6,3
1902F4002_049,3.6,5.0,3
1902F4002_050,5.0,5.8,7
1902F4002_051,5.8,5.4,6
1902F4002_052,5.4,5.2,6
1902F4002_053,5.2,3.6,3
1902F4002_054,3.6,3.6,3
1902F4002_055,3.6,4.0,4
1902F4002_056,4.0,4.0,7
1902F4002_057,4.0,5.2,6
1902F4002_058,5.2,5.6,7
1902F4002_059,5.6,5.2,7
1902F4002_060,5.2,5.8,6
1902F4002_061,5.8,4.0,3
1902F4002_062,4.0,5.4,6
1902F4002_063,5.4,3.4,7
1902F4002_064,3.4,4.4,3
1902F4002_065,4.4,3.8,6
1902F4002_066,3.8,4.4,6
1902F4002_067,4.4,3.4,3
1902F4002_068,3.4,3.8,3
1902F4003_001,4.0,4.0,3
1902F4003_002,4.0,4.2,3
1902F4003_003,4.2,4.6,7
1902F4003_004,4.6,4.8,7
1902F4003_005,4.8,4.6,6
1902F4003_006,4.6,4.6,3
1902F4003_007,4.6,4.8,3
1902F4003_008,4.8,4.0,4
1902F4003_009,4.0,4.8,6
1902F4003_010,4.8,5.8,6
1902F4003_011,5.8,6.4,7
1902F4003_012,6.4,5.4,6
1902F4003_013,5.4,6.6,7
1902F4003_014,6.6,5.6,3
1902F4003_015,5.6,6.0,7
1902F4003_016,6.0,4.2,5
1902F4003_017,4.2,4.0,4
1902F4003_018,4.0,4.0,4
1902F4003_019,4.0,5.4,6
1902F4003_020,5.4,5.0,7
1902F4003_021,5.0,3.8,6
1902F4003_022,3.8,5.2,7
1902F4003_023,5.2,4.8,7
1902F4003_024,4.8,5.8,0
1902F4003_025,5.8,5.4,7
1902F4003_026,5.4,4.0,3
1902F4003_027,4.0,4.2,7
1902F4003_028,4.2,2.4,7
1902F4003_029,2.4,4.0,3
1902F4003_030,4.0,4.0,4
1902F4003_031,4.0,4.0,6
1902F4003_032,4.0,4.2,4
1902F4003_033,4.2,3.8,7
1902F4003_034,3.8,4.6,6
1902F4003_035,4.6,5.2,6
1902F4003_036,5.2,4.0,3
1902F4003_037,4.0,2.8,7
1902F4003_038,2.8,3.4,1
1902F4003_039,3.4,4.0,7
1902F4003_040,4.0,4.4,6
1902F4003_041,4.4,4.4,3
1902F4003_042,4.4,3.4,7
1902F4003_043,3.4,3.8,3
1902F4003_044,3.8,5.0,7
1902F4003_045,5.0,4.4,6
1902F4003_046,4.4,3.8,3
1902F4003_047,3.8,5.2,6
1902F4003_048,5.2,3.8,3
1902F4003_049,3.8,4.0,4
1902F4003_050,4.0,4.2,4
1902F4003_051,4.2,2.2,7
1902F4003_052,2.2,4.6,6
1902F4003_053,4.6,5.2,7
1902F4003_054,5.2,5.6,6
1902F4003_055,5.6,4.0,3
1902F4003_056,4.0,5.0,7
1902F4003_057,5.0,5.2,6
1902F4003_058,5.2,3.8,5
1902F4003_059,3.8,3.2,7
1902F4003_060,3.2,4.4,7
1902F4003_061,4.4,5.2,6
1902F4003_062,5.2,5.4,3
1902F4003_063,5.4,4.6,5
1902F4003_064,4.6,4.4,3
1902F4003_065,4.4,4.2,4
1902F4003_066,4.2,5.0,7
1902F4003_067,5.0,6.0,6
1902F4003_068,6.0,4.0,7
1902F4003_069,4.0,3.6,3
1902F4003_070,3.6,4.8,7
1902F4003_071,4.8,4.2,3
1902F4003_072,4.2,3.6,3
1902F4003_073,3.6,5.4,6
1902F4003_074,5.4,5.4,6
1902F4003_075,5.4,4.0,3
1902F4003_076,4.0,4.0,3
1902F4004_001,4.0,4.0,3
1902F4004_002,4.0,4.6,3
1902F4004_003,4.6,5.2,7
1902F4004_004,5.2,5.2,7
1902F4004_005,5.2,5.6,3
1902F4004_006,5.6,5.8,3
1902F4004_007,5.8,4.0,4
1902F4004_008,4.0,5.6,6
1902F4004_009,5.6,6.4,6
1902F4004_010,6.4,5.6,6
1902F4004_011,5.6,4.6,7
1902F4004_012,4.6,4.2,3
1902F4004_013,4.2,5.4,7
1902F4004_014,5.4,4.8,6
1902F4004_017,4.8,5.6,2
1902F4004_018,5.6,4.2,3
1902F4004_019,4.2,4.0,4
1902F4004_020,4.0,4.2,4
1902F4004_021,4.2,5.2,6
1902F4004_022,5.2,5.2,6
1902F4004_023,5.2,4.4,3
1902F4004_024,4.4,4.2,4
1902F4004_025,4.2,4.8,7
1902F4004_026,4.8,4.8,7
1902F4004_027,4.8,5.4,6
1902F4004_028,5.4,5.2,6
1902F4004_029,5.2,4.4,7
1902F4004_030,4.4,4.0,3
1902F4004_031,4.0,4.0,3
1902F4004_032,4.0,4.2,4
1902F4004_033,4.2,5.0,7
1902F4004_034,5.0,4.2,7
1902F4004_035,4.2,4.8,6
1902F4004_036,4.8,5.4,6
1902F4004_037,5.4,5.2,6
1902F4004_038,5.2,5.0,6
1902F4004_039,5.0,5.0,5
1902F4004_040,5.0,4.2,3
1902F4004_041,4.2,4.0,4
1902F4004_042,4.0,2.8,7
1902F4004_043,2.8,4.8,7
1902F4004_044,4.8,2.6,7
1902F4004_045,2.6,3.0,3
1902F4004_046,3.0,4.2,3
1902F4004_047,4.2,4.0,4
1902F4004_048,4.0,5.4,7
1902F4004_049,5.4,5.8,6
1902F4004_050,5.8,5.6,7
1902F4004_051,5.6,4.4,3
1902F4004_052,4.4,4.6,7
1902F4004_053,4.6,4.0,3
1902F4004_054,4.0,4.8,7
1902F4004_055,4.8,4.6,3
1902F4004_056,4.6,4.6,7
1902F4004_057,4.6,4.8,6
1902F4004_058,4.8,3.0,3
1902F4004_059,3.0,3.6,3
1902F4004_060,3.6,4.2,4
1902F4004_061,4.2,4.2,4
1902F4004_062,4.2,5.6,7
1902F4004_063,5.6,5.8,6
1902F4004_064,5.8,6.4,5
1902F4004_065,6.4,6.4,7
1902F4004_066,6.4,5.0,5
1902F4004_067,5.0,4.2,5
1902F4004_068,4.2,5.0,7
1902F4004_069,5.0,4.2,3
1902F4004_070,4.2,4.2,5
1902F4004_071,4.2,5.2,7
1902F4004_072,5.2,5.2,3
1902F4004_073,5.2,5.2,5
1902F4004_074,5.2,4.8,3
1902F4004_075,4.8,4.0,6
1902F4004_076,4.0,4.0,6
1902F4004_077,4.0,4.2,3
1902F4005_001,4.0,4.0,3
1902F4005_002,4.0,4.0,3
1902F4005_003,4.0,4.4,7
1902F4005_004,4.4,5.2,7
1902F4005_005,5.2,5.0,3
1902F4005_006,5.0,4.2,6
1902F4005_007,4.2,4.0,3
1902F4005_008,4.0,4.8,3
1902F4005_009,4.8,4.0,4
1902F4005_010,4.0,5.0,6
1902F4005_011,5.0,5.2,6
1902F4005_012,5.2,5.0,6
1902F4005_013,5.0,5.0,6
1902F4005_014,5.0,5.4,7
1902F4005_015,5.4,4.6,3
1902F4005_016,4.6,5.6,7
1902F4005_017,5.6,5.0,6
1902F4005_018,5.0,3.8,3
1902F4005_019,3.8,3.0,3
1902F4005_020,3.0,3.6,3
1902F4005_021,3.6,4.0,4
1902F4005_022,4.0,4.0,4
1902F4005_023,4.0,4.6,6
1902F4005_024,4.6,5.2,6
1902F4005_025,5.2,4.2,4
1902F4005_026,4.2,5.4,7
1902F4005_027,5.4,5.4,6
1902F4005_028,5.4,4.2,3
1902F4005_029,4.2,5.2,6
1902F4005_030,5.2,4.4,3
1902F4005_031,4.4,4.2,3
1902F4005_032,4.2,3.6,7
1902F4005_033,3.6,4.6,0
1902F4005_034,4.6,5.0,7
1902F4005_035,5.0,5.0,6
1902F4005_036,5.0,5.4,7
1902F4005_037,5.4,4.2,3
1902F4005_038,4.2,5.4,6
1902F4005_039,5.4,6.2,6
1902F4005_040,6.2,5.0,5
1902F4005_041,5.0,4.8,7
1902F4005_042,4.8,4.6,0
1902F4005_043,4.6,4.4,7
1902F4005_044,4.4,5.4,7
1902F4005_045,5.4,4.4,3
1902F4005_046,4.4,4.6,7
1902F4005_047,4.6,5.2,3
1902F4005_048,5.2,5.0,6
1902F4005_049,5.0,4.0,3
1902F4005_050,4.0,5.8,0
1902F4005_051,5.8,4.8,3
1902F4005_052,4.8,4.0,4
1902F4005_053,4.0,4.8,7
1902F4005_054,4.8,4.8,6
1902F4005_055,4.8,4.0,3
1902F4005_056,4.0,2.8,7
1902F4005_057,2.8,3.6,7
1902F4005_058,3.6,3.4,7
1902F4005_059,3.4,3.8,3
1902F4005_060,3.8,4.6,7
1902F4005_061,4.6,5.2,6
1902F4005_062,5.2,4.0,3
1902F4005_063,4.0,3.8,3
1902F4005_064,3.8,4.0,4
1902F4005_065,4.0,3.0,7
1902F4005_066,3.0,5.0,7
1902F4005_067,5.0,5.8,6
1902F4005_068,5.8,5.6,5
1902F4005_069,5.6,5.6,7
1902F4005_070,5.6,5.0,5
1902F4005_071,5.0,5.4,7
1902F4005_072,5.4,6.0,6
1902F4005_073,6.0,4.6,5
1902F4005_074,4.6,5.2,7
1902F4005_075,5.2,5.6,3
1902F4005_076,5.6,4.4,5
1902F4005_077,4.4,4.4,3
1902F4005_078,4.4,4.0,4
1902F4005_079,4.0,4.0,4
1902F4005_080,4.0,3.0,7
1902F4005_081,3.0,5.2,7
1902F4005_082,5.2,6.2,7
1902F4005_083,6.2,5.2,5
1902F4005_084,5.2,5.8,7
1902F4005_085,5.8,4.8,5
1902F4005_086,4.8,4.0,3
1902F4005_087,4.0,3.8,6
1902F4005_088,3.8,5.2,6
1902F4005_089,5.2,4.2,5
1902F4005_090,4.2,4.0,3
1902F4006_001,4.0,4.0,3
1902F4006_002,4.0,4.4,3
1902F4006_003,4.4,4.6,7
1902F4006_004,4.6,5.2,7
1902F4006_005,5.2,4.8,6
1902F4006_006,4.8,4.0,3
1902F4006_007,4.0,4.8,3
1902F4006_008,4.8,4.6,3
1902F4006_009,4.6,4.2,4
1902F4006_010,4.2,5.2,6
1902F4006_011,5.2,5.2,6
1902F4006_012,5.2,5.6,6
1902F4006_013,5.6,5.6,7
1902F4006_014,5.6,5.8,7
1902F4006_015,5.8,5.2,6
1902F4006_016,5.2,5.0,5
1902F4006_017,5.0,6.4,7
1902F4006_018,6.4,5.8,7
1902F4006_019,5.8,4.4,3
1902F4006_020,4.4,4.2,3
1902F4006_021,4.2,4.0,4
1902F4006_022,4.0,4.2,4
1902F4006_023,4.2,5.0,6
1902F4006_024,5.0,5.2,6
1902F4006_025,5.2,4.2,4
1902F4006_026,4.2,3.0,7
1902F4006_027,3.0,5.0,6
1902F4006_028,5.0,5.6,6
1902F4006_029,5.6,5.0,6
1902F4006_030,5.0,6.2,6
1902F4006_031,6.2,4.4,5
1902F4006_032,4.4,2.8,7
1902F4006_033,2.8,3.8,3
1902F4006_034,3.8,4.0,4
1902F4006_035,4.0,4.8,7
1902F4006_036,4.8,4.8,7
1902F4006_037,4.8,5.8,7
1902F4006_038,5.8,5.8,6
1902F4006_039,5.8,4.2,6
1902F4006_040,4.2,3.8,5
1902F4006_041,3.8,5.2,6
1902F4006_042,5.2,3.8,3
1902F4006_043,3.8,4.0,4
1902F4006_044,4.0,4.8,6
1902F4006_045,4.8,5.8,7
1902F4006_046,5.8,3.8,1
1902F4006_047,3.8,5.4,6
1902F4006_048,5.4,4.8,7
1902F4006_049,4.8,3.8,7
1902F4006_050,3.8,3.0,6
1902F4006_051,3.0,4.0,3
1902F4006_052,4.0,4.2,5
1902F4006_053,4.2,4.6,6
1902F4006_054,4.6,5.2,7
1902F4006_055,5.2,4.0,3
1902F4006_056,4.0,4.6,6
1902F4006_057,4.6,4.0,3
1902F4006_058,4.0,4.0,3
1902F4006_059,4.0,4.0,4
1902F4006_060,4.0,4.0,4
1902F4006_061,4.0,3.4,7
1902F4006_062,3.4,3.6,6
1902F4006_063,3.6,4.6,7
1902F4006_064,4.6,4.0,3
1902F4006_065,4.0,4.4,7
1902F4006_066,4.4,5.2,6
1902F4006_067,5.2,4.2,5
1902F4006_068,4.2,4.4,7
1902F4006_069,4.4,4.2,0
1902F4006_070,4.2,3.8,7
1902F4006_071,3.8,3.8,3
1902F4006_072,3.8,2.8,7
1902F4006_073,2.8,3.6,3
1902F4006_074,3.6,4.0,4
1902F4006_075,4.0,4.8,7
1902F4006_076,4.8,4.8,6
1902F4006_077,4.8,5.8,7
1902F4006_078,5.8,4.2,3
1902F4006_079,4.2,3.4,7
1902F4006_080,3.4,4.0,3
1902F4006_081,4.0,4.4,7
1902F4006_082,4.4,3.8,3
1902F4006_083,3.8,3.8,3
1902F4006_084,3.8,3.6,7
1902F4006_085,3.6,4.8,6
1902F4006_086,4.8,4.0,3
1902F4006_087,4.0,3.8,3
1902F4006_088,3.8,4.0,4
1902F4006_089,4.0,4.8,7
1902F4006_090,4.8,4.8,7
1902F4006_091,4.8,5.4,7
1902F4006_092,5.4,4.0,3
1902F4006_093,4.0,5.6,7
1902F4006_094,5.6,6.2,6
1902F4006_095,6.2,4.8,5
1902F4006_096,4.8,5.8,7
1902F4006_097,5.8,4.4,5
1902F4006_098,4.4,4.4,3
1902F4006_099,4.4,4.0,4
1902F4006_100,4.0,4.8,7
1902F4006_101,4.8,5.2,6
1902F4006_102,5.2,5.2,7
1902F4006_103,5.2,3.8,3
1902F4006_104,3.8,3.6,3
1902F4006_106,3.6,2.4,2
1902F4006_107,2.4,4.0,3
1902F4006_108,4.0,3.4,6
1902F4006_109,3.4,2.4,6
1902F4006_110,2.4,4.0,3
1902F4006_111,4.0,3.4,7
1902F4006_112,3.4,5.0,7
1902F4006_113,5.0,3.8,3
1902F4006_114,3.8,3.8,0
1902F4006_115,3.8,3.8,5
1902F4006_116,3.8,3.8,3
1902F4007_001,4.0,4.2,3
1902F4007_002,4.2,4.4,3
1902F4007_003,4.4,4.8,7
1902F4007_004,4.8,5.8,7
1902F4007_005,5.8,4.2,3
1902F4007_006,4.2,5.0,6
1902F4007_007,5.0,6.0,3
1902F4007_008,6.0,5.2,3
1902F4007_009,5.2,4.4,4
1902F4007_010,4.4,4.8,6
1902F4007_011,4.8,5.6,6
1902F4007_012,5.6,4.8,5
1902F4007_013,4.8,4.8,6
1902F4007_014,4.8,5.2,7
1902F4007_015,5.2,5.6,6
1902F4007_016,5.6,4.0,5
1902F4007_017,4.0,4.0,4
1902F4007_018,4.0,3.6,4
1902F4007_019,3.6,5.4,6
1902F4007_020,5.4,6.0,6
1902F4007_021,6.0,4.4,5
1902F4007_022,4.4,6.4,7
1902F4007_023,6.4,5.0,5
1902F4007_024,5.0,4.8,5
1902F4007_025,4.8,5.0,7
1902F4007_026,5.0,5.4,0
1902F4007_027,5.4,4.0,7
1902F4007_028,4.0,4.0,3
1902F4007_029,4.0,3.8,7
1902F4007_030,3.8,3.8,7
1902F4007_031,3.8,4.0,3
1902F4007_032,4.0,4.0,3
1902F4007_033,4.0,4.2,6
1902F4007_034,4.2,6.0,6
1902F4007_035,6.0,4.0,3
1902F4007_036,4.0,6.4,7
1902F4007_037,6.4,4.2,5
1902F4007_038,4.2,4.0,4
1902F4007_039,4.0,4.6,6
1902F4007_040,4.6,5.4,7
1902F4007_041,5.4,4.2,3
1902F4007_042,4.2,3.8,7
1902F4007_043,3.8,2.8,6
1902F4007_044,2.8,3.8,3
1902F4007_046,3.8,3.8,3
1902F4007_047,3.8,4.0,4
1902F4007_048,4.0,5.0,7
1902F4007_049,5.0,6.2,6
1902F4007_050,6.2,5.6,5
1902F4007_051,5.6,6.0,7
1902F4007_052,6.0,4.4,3
1902F4007_053,4.4,5.6,7
1902F4007_054,5.6,5.2,5
1902F4007_055,5.2,6.0,7
1902F4007_056,6.0,4.2,5
1902F4007_057,4.2,5.0,7
1902F4007_058,5.0,4.2,5
1902F4007_059,4.2,4.0,4
1902F4007_060,4.0,5.4,7
1902F4007_061,5.4,4.4,5
1902F4008_001,4.0,4.0,3
1902F4008_002,4.0,4.2,3
1902F4008_003,4.2,4.4,7
1902F4008_004,4.4,4.4,7
1902F4008_005,4.4,4.6,6
1902F4008_006,4.6,3.8,3
1902F4008_007,3.8,4.6,3
1902F4008_008,4.6,4.0,3
1902F4008_009,4.0,4.0,4
1902F4008_010,4.0,4.4,6
1902F4008_011,4.4,4.8,6
1902F4008_012,4.8,4.8,6
1902F4008_013,4.8,6.0,7
1902F4008_014,6.0,4.0,3
1902F4008_015,4.0,4.6,5
1902F4008_016,4.6,4.8,6
1902F4008_017,4.8,4.8,7
1902F4008_018,4.8,4.0,3
1902F4008_019,4.0,5.6,7
1902F4008_020,5.6,4.0,3
1902F4008_021,4.0,4.0,3
1902F4008_022,4.0,4.0,4
1902F4008_023,4.0,4.6,6
1902F4008_024,4.6,5.0,6
1902F4008_025,5.0,5.0,7
1902F4008_026,5.0,5.2,6
1902F4008_027,5.2,5.8,6
1902F4008_028,5.8,4.4,5
1902F4008_029,4.4,4.0,6
1902F4008_030,4.0,3.6,3
1902F4008_031,3.6,4.2,3
1902F4008_032,4.2,4.0,3
1902F4008_033,4.0,4.0,4
1902F4008_034,4.0,4.0,7
1902F4008_035,4.0,5.0,6
1902F4008_036,5.0,4.0,3
1902F4008_037,4.0,4.0,4
1902F4008_038,4.0,4.0,4
1902F4008_039,4.0,2.8,7
1902F4008_040,2.8,4.6,6
1902F4008_041,4.6,2.8,7
1902F4008_042,2.8,3.8,3
1902F4008_043,3.8,4.0,3
1902F4008_044,4.0,5.0,7
1902F4008_045,5.0,4.8,6
1902F4008_046,4.8,4.0,3
1902F4008_047,4.0,2.4,7
1902F4008_048,2.4,4.4,7
1902F4008_049,4.4,4.0,3
1902F4008_050,4.0,4.8,7
1902F4008_051,4.8,4.8,6
1902F4008_052,4.8,4.0,3
1902F4008_053,4.0,4.0,3
1902F4008_054,4.0,4.0,4
1902F4008_055,4.0,4.6,7
1902F4008_056,4.6,3.8,3
1902F4008_057,3.8,4.6,7
1902F4008_058,4.6,5.6,7
1902F4008_059,5.6,4.2,5
1902F4008_060,4.2,3.6,6
1902F4008_061,3.6,5.2,3
1902F4008_062,5.2,4.0,5
1902F4008_063,4.0,5.8,7
1902F4008_064,5.8,4.2,5
1902F4008_065,4.2,4.0,3
1902F4008_066,4.0,4.0,4
1902F4008_067,4.0,5.6,6
1902F4008_068,5.6,4.2,3
1902F4008_069,4.2,5.6,6
1902F4008_070,5.6,5.2,3
1902F4008_071,5.2,4.4,7
1902F4008_072,4.4,6.0,3
1902F4008_073,6.0,4.0,7
1902F4008_074,4.0,4.2,3
1902F4008_075,4.2,4.2,5
1902F4008_076,4.2,4.2,3
1902F4008_077,4.2,5.2,6
1902F4008_078,5.2,3.4,6
1902F4008_079,3.4,3.8,3
1902F4008_080,3.8,3.0,7
1902F4008_081,3.0,3.4,7
1902F4008_082,3.4,5.2,0
1902F4008_083,5.2,4.0,3
1902F4009_001,4.0,4.0,3
1902F4009_002,4.0,4.0,3
1902F4009_003,4.0,4.8,7
1902F4009_004,4.8,5.0,7
1902F4009_005,5.0,4.0,3
1902F4009_006,4.0,4.8,6
1902F4009_007,4.8,5.0,3
1902F4009_008,5.0,4.8,3
1902F4009_009,4.8,4.0,4
1902F4009_010,4.0,5.0,6
1902F4009_011,5.0,5.2,6
1902F4009_012,5.2,5.0,6
1902F4009_013,5.0,5.4,7
1902F4009_014,5.4,3.8,3
1902F4009_015,3.8,4.0,6
1902F4009_016,4.0,5.0,7
1902F4009_017,5.0,4.8,6
1902F4009_018,4.8,5.2,7
1902F4009_019,5.2,4.2,5
1902F4009_020,4.2,5.0,7
1902F4009_021,5.0,4.0,3
1902F4009_022,4.0,4.0,4
1902F4009_023,4.0,5.2,6
1902F4009_024,5.2,5.4,7
1902F4009_025,5.4,5.4,3
1902F4009_026,5.4,5.4,6
1902F4009_027,5.4,4.6,3
1902F4009_028,4.6,5.4,6
1902F4009_029,5.4,4.2,7
1902F4009_030,4.2,3.8,6
1902F4009_031,3.8,4.4,6
1902F4009_032,4.4,3.2,7
1902F4009_033,3.2,4.2,3
1902F4009_034,4.2,3.8,3
1902F4009_035,3.8,5.0,3
1902F4009_036,5.0,3.8,7
1902F4009_037,3.8,4.6,0
1902F4009_038,4.6,4.0,4
1902F4009_039,4.0,4.0,4
1902F4009_040,4.0,4.6,7
1902F4009_041,4.6,5.2,7
1902F4009_042,5.2,5.6,7
1902F4009_043,5.6,5.6,6
1902F4009_044,5.6,5.2,6
1902F4009_045,5.2,2.8,7
1902F4009_047,2.8,4.0,4
1902F4009_048,4.0,4.2,6
1902F4009_049,4.2,5.4,7
1902F4009_050,5.4,5.6,6
1902F4009_051,5.6,5.8,7
1902F4009_052,5.8,4.4,3
1902F4009_053,4.4,4.0,7
1902F4009_054,4.0,4.0,3
1902F4009_055,4.0,6.0,7
1902F4009_056,6.0,4.0,3
1902F4009_057,4.0,4.0,4
1902F4009_058,4.0,5.2,6
1902F4009_059,5.2,5.6,7
1902F4009_060,5.6,5.6,7
1902F4009_061,5.6,4.2,5
1902F4009_062,4.2,5.4,7
1902F4009_063,5.4,6.2,6
1902F4009_064,6.2,4.4,3
1902F4009_065,4.4,4.4,5
1902F4009_066,4.4,5.6,7
1902F4009_067,5.6,4.4,0
1902F4009_068,4.4,3.0,7
1902F4009_069,3.0,3.4,3
1902F4009_070,3.4,4.8,7
1902F4009_071,4.8,3.8,3
1902F4009_072,3.8,4.2,4
1902F4009_073,4.2,4.8,7
1902F4009_074,4.8,4.2,6
1902F4009_075,4.2,4.2,3
1902F4009_076,4.2,2.8,7
1902F4009_077,2.8,3.8,3
1902F4009_078,3.8,3.8,3
1902F4009_079,3.8,4.0,4
1902F4009_080,4.0,3.8,7
1902F4009_081,3.8,5.2,7
1902F4009_082,5.2,5.6,6
1902F4009_083,5.6,5.2,7
1902F4009_084,5.2,5.0,6
1902F4009_085,5.0,4.0,3
1902F4009_086,4.0,5.0,7
1902F4009_087,5.0,4.2,3
1902F4009_088,4.2,5.2,7
1902F4009_089,5.2,4.2,5
1902F4009_090,4.2,4.4,3
1902F4009_091,4.4,4.0,4
1902F4009_092,4.0,5.4,6
1902F4009_093,5.4,4.8,7
1902F4009_094,4.8,3.8,5
1902F4009_095,3.8,4.6,7
1902F4009_096,4.6,4.4,6
1902F4009_097,4.4,3.0,3
1902F4009_098,3.0,4.0,7
1902F4009_099,4.0,3.6,3
1902F4009_100,3.6,4.0,3
1902F4009_101,4.0,5.2,6
1902F4009_102,5.2,4.0,6
1902F4009_103,4.0,3.8,3
1902F4009_104,3.8,3.4,7
1902F4009_105,3.4,5.0,7
1902F4009_106,5.0,3.8,3
1902F4009_107,3.8,4.0,3
1902F4010_001,4.0,4.0,3
1902F4010_002,4.0,4.6,3
1902F4010_003,4.6,5.0,7
1902F4010_004,5.0,5.0,7
1902F4010_005,5.0,4.8,6
1902F4010_006,4.8,5.0,3
1902F4010_007,5.0,4.8,3
1902F4010_008,4.8,4.4,4
1902F4010_009,4.4,5.2,6
1902F4010_010,5.2,5.4,6
1902F4010_011,5.4,5.4,6
1902F4010_012,5.4,4.4,3
1902F4010_013,4.4,5.4,7
1902F4010_014,5.4,5.6,6
1902F4010_015,5.6,5.4,7
1902F4010_016,5.4,5.2,5
1902F4010_017,5.2,4.4,0
1902F4010_018,4.4,4.2,3
1902F4010_019,4.2,3.6,3
1902F4010_020,3.6,3.8,3
1902F4010_021,3.8,4.0,4
1902F4010_022,4.0,4.2,4
1902F4010_023,4.2,5.2,6
1902F4010_024,5.2,5.6,7
1902F4010_025,5.6,5.6,5
1902F4010_026,5.6,6.0,7
1902F4010_027,6.0,4.8,3
1902F4010_028,4.8,5.4,7
1902F4010_029,5.4,5.0,5
1902F4010_030,5.0,4.8,5
1902F4010_031,4.8,4.8,7
1902F4010_032,4.8,4.6,0
1902F4010_033,4.6,5.2,7
1902F4010_034,5.2,4.4,7
1902F4010_035,4.4,4.4,7
1902F4010_036,4.4,4.0,7
1902F4010_037,4.0,4.0,3
1902F4010_038,4.0,3.4,3
1902F4010_039,3.4,4.8,6
1902F4010_040,4.8,4.0,4
1902F4010_041,4.0,5.4,7
1902F4010_042,5.4,5.6,7
1902F4010_043,5.6,5.6,6
1902F4010_044,5.6,5.8,6
1902F4010_045,5.8,5.2,5
1902F4010_046,5.2,5.2,7
1902F4010_047,5.2,4.4,5
1902F4010_048,4.4,4.0,3
1902F4010_049,4.0,4.0,4
1902F4010_050,4.0,4.0,4
1902F4010_051,4.0,4.4,6
1902F4010_052,4.4,3.0,7
1902F4010_053,3.0,2.8,7
1902F4010_054,2.8,4.0,3
1902F4010_055,4.0,2.8,7
1902F4010_056,2.8,3.8,3
1902F4010_057,3.8,3.4,3
1902F4010_058,3.4,3.8,3
1902F4010_059,3.8,4.0,7
1902F4010_060,4.0,5.2,6
1902F4010_061,5.2,4.2,3
1902F4010_062,4.2,5.2,7
1902F4010_063,5.2,4.8,6
1902F4010_064,4.8,5.0,5
1902F4010_065,5.0,3.8,3
1902F4010_066,3.8,3.4,7
1902F4010_067,3.4,4.2,3
1902F4010_068,4.2,3.8,3
1902F4010_069,3.8,4.0,3
1902F4010_070,4.0,4.0,4
1902F4010_071,4.0,4.0,4
1902F4010_072,4.0,5.0,7
1902F4010_073,5.0,4.6,7
1902F4010_074,4.6,5.6,6
1902F4010_075,5.6,6.4,6
1902F4010_076,6.4,4.0,7
1902F4010_077,4.0,4.0,3
1902F4010_078,4.0,3.4,7
1902F4010_079,3.4,3.8,3
1902F4010_080,3.8,4.0,3
1902F4010_081,4.0,4.4,7
1902F4010_082,4.4,5.4,7
1902F4010_083,5.4,4.8,3
1902F4010_084,4.8,3.8,3
1902F4010_085,3.8,4.2,4
1902F4010_086,4.2,4.8,7
1902F4010_087,4.8,5.2,6
1902F4010_088,5.2,5.4,6
1902F4010_089,5.4,5.2,7
1902F4010_090,5.2,4.8,3
1902F4010_091,4.8,3.4,5
1902F4010_092,3.4,5.0,7
1902F4010_093,5.0,5.2,6
1902F4010_094,5.2,4.8,3
1902F4010_095,4.8,4.4,3
1902F4010_096,4.4,5.2,6
1902F4010_097,5.2,5.2,6
1902F4010_098,5.2,4.4,3
1902F4011_001,4.0,4.0,3
1902F4011_002,4.0,4.4,3
1902F4011_003,4.4,5.0,7
1902F4011_004,5.0,5.0,7
1902F4011_005,5.0,4.2,3
1902F4011_006,4.2,5.0,3
1902F4011_007,5.0,4.4,4
1902F4011_008,4.4,5.4,6
1902F4011_009,5.4,5.6,6
1902F4011_010,5.6,4.8,5
1902F4011_011,4.8,5.0,6
1902F4011_012,5.0,6.2,7
1902F4011_013,6.2,5.0,6
1902F4011_014,5.0,6.0,7
1902F4011_015,6.0,5.2,6
1902F4011_019,5.2,4.0,0
1902F4011_020,4.0,3.8,3
1902F4011_021,3.8,4.0,4
1902F4011_022,4.0,4.0,4
1902F4011_023,4.0,4.2,6
1902F4011_024,4.2,4.4,6
1902F4011_025,4.4,3.6,4
1902F4011_026,3.6,4.8,7
1902F4011_027,4.8,5.4,6
1902F4011_028,5.4,5.0,6
1902F4011_029,5.0,4.0,6
1902F4011_030,4.0,4.6,5
1902F4011_031,4.6,5.8,7
1902F4011_032,5.8,6.0,6
1902F4011_033,6.0,4.0,3
1902F4011_034,4.0,4.6,3
1902F4011_035,4.6,4.2,3
1902F4011_036,4.2,4.6,6
1902F4011_037,4.6,4.2,3
1902F4011_038,4.2,3.8,3
1902F4011_039,3.8,4.6,7
1902F4011_040,4.6,3.4,3
1902F4011_041,3.4,3.8,4
1902F4011_042,3.8,3.8,6
1902F4011_043,3.8,5.4,7
1902F4011_044,5.4,5.0,5
1902F4011_045,5.0,5.6,6
1902F4011_046,5.6,4.8,5
1902F4011_047,4.8,4.6,7
1902F4011_048,4.6,4.6,6
1902F4011_049,4.6,5.0,7
1902F4011_050,5.0,3.8,3
1902F4011_051,3.8,4.0,3
1902F4011_052,4.0,4.0,5
1902F4011_053,4.0,2.6,7
1902F4011_054,2.6,3.6,3
1902F4011_055,3.6,3.8,3
1902F4011_056,3.8,3.2,7
1902F4011_057,3.2,3.8,3
1902F4011_058,3.8,4.0,6
1902F4011_059,4.0,4.0,3
1902F4011_060,4.0,4.4,7
1902F4011_061,4.4,3.8,3
1902F4011_062,3.8,3.8,7
1902F4011_063,3.8,4.4,6
1902F4011_064,4.4,4.0,3
1902F4011_065,4.0,3.6,3
1902F4011_066,3.6,4.0,4
1902F4011_067,4.0,4.0,4
1902F4011_068,4.0,2.8,7
1902F4011_069,2.8,5.2,7
1902F4011_070,5.2,4.4,7
1902F4011_071,4.4,4.8,3
1902F4011_072,4.8,5.4,6
1902F4011_073,5.4,5.2,5
1902F4011_074,5.2,5.4,7
1902F4011_075,5.4,4.6,5
1902F4011_076,4.6,4.0,3
1902F4011_077,4.0,4.0,3
1902F4011_078,4.0,2.2,6
1902F4011_079,2.2,5.2,6
1902F4011_080,5.2,4.2,3
1902F6001_001,4.0,4.0,3
1902F6001_002,4.0,4.6,3
1902F6001_003,4.6,5.0,7
1902F6001_004,5.0,5.0,6
1902F6001_005,5.0,5.0,7
1902F6001_006,5.0,4.0,3
1902F6001_007,4.0,3.8,3
1902F6001_008,3.8,4.8,3
1902F6001_009,4.8,4.0,4
1902F6001_010,4.0,5.4,6
1902F6001_011,5.4,5.8,6
1902F6001_012,5.8,3.8,7
1902F6001_013,3.8,5.6,0
1902F6001_014,5.6,4.2,3
1902F6001_015,4.2,5.2,6
1902F6001_016,5.2,4.0,3
1902F6001_017,4.0,5.2,6
1902F6001_018,5.2,3.8,6
1902F6001_019,3.8,5.2,7
1902F6001_020,5.2,4.0,5
1902F6001_021,4.0,5.8,7
1902F6001_022,5.8,5.2,6
1902F6001_023,5.2,3.8,5
1902F6001_024,3.8,4.0,4
1902F6001_025,4.0,5.2,6
1902F6001_026,5.2,5.6,7
1902F6001_027,5.6,5.4,6
1902F6001_028,5.4,5.6,7
1902F6001_029,5.6,4.0,5
1902F6001_030,4.0,4.2,7
1902F6001_031,4.2,3.6,5
1902F6001_032,3.6,5.2,7
1902F6001_033,5.2,4.0,0
1902F6001_034,4.0,4.6,7
1902F6001_035,4.6,5.2,5
1902F6001_036,5.2,4.4,7
1902F6001_037,4.4,4.0,3
1902F6001_038,4.0,4.0,3
1902F6001_039,4.0,4.0,4
1902F6001_040,4.0,4.4,7
1902F6001_041,4.4,5.2,7
1902F6001_042,5.2,5.0,6
1902F6001_043,5.0,2.4,7
1902F6001_044,2.4,3.6,3
1902F6001_045,3.6,4.0,4
1902F6001_046,4.0,5.2,6
1902F6001_047,5.2,3.4,7
1902F6001_048,3.4,5.6,7
1902F6001_049,5.6,4.0,3
1902F6001_050,4.0,4.6,7
1902F6001_051,4.6,5.2,7
1902F6001_052,5.2,5.4,6
1902F6001_053,5.4,5.2,6
1902F6001_054,5.2,2.8,7
1902F6001_055,2.8,4.2,3
1902F6001_056,4.2,3.8,4
1902F6001_057,3.8,4.4,6
1902F6001_058,4.4,5.2,7
1902F6001_059,5.2,3.2,6
1902F6001_060,3.2,3.6,3
1902F6001_061,3.6,5.6,7
1902F6001_062,5.6,5.2,7
1902F6001_063,5.2,4.0,7
1902F6001_064,4.0,4.4,6
1902F6001_065,4.4,3.8,5
1902F6001_066,3.8,3.0,7
1902F6001_067,3.0,3.6,3
1902F6001_068,3.6,4.0,4
1902F6001_069,4.0,3.2,7
1902F6001_070,3.2,3.6,3
1902F6001_071,3.6,2.8,7
1902F6001_072,2.8,3.8,3
1902F6001_073,3.8,4.0,4
1902F6001_074,4.0,3.0,7
1902F6001_075,3.0,3.2,6
1902F6001_076,3.2,3.8,3
1902F6001_077,3.8,3.6,7
1902F6001_078,3.6,3.8,5
1902F6001_079,3.8,3.8,3
1902F6001_080,3.8,5.4,6
1902F6001_081,5.4,4.0,3
1902F6001_082,4.0,2.4,6
1902F6001_083,2.4,3.8,3
1902F6001_084,3.8,3.2,7
1902F6001_085,3.2,4.0,3
1902F6001_086,4.0,4.0,3
1902F6002_001,4.0,4.4,3
1902F6002_002,4.4,5.0,3
1902F6002_003,5.0,5.2,7
1902F6002_004,5.2,4.8,7
1902F6002_005,4.8,5.0,3
1902F6002_006,5.0,5.2,3
1902F6002_007,5.2,4.6,4
1902F6002_008,4.6,5.6,6
1902F6002_009,5.6,5.6,6
1902F6002_010,5.6,5.8,6
1902F6002_011,5.8,6.0,7
1902F6002_012,6.0,5.2,5
1902F6002_013,5.2,4.2,3
1902F6002_014,4.2,5.4,7
1902F6002_015,5.4,5.4,3
1902F6002_016,5.4,4.4,3
1902F6002_017,4.4,4.0,4
1902F6002_018,4.0,4.8,4
1902F6002_019,4.8,5.2,1
1902F6002_020,5.2,4.4,6
1902F6002_021,4.4,4.4,3
1902F6002_022,4.4,4.6,7
1902F6002_023,4.6,3.8,7
1902F6002_024,3.8,4.2,3
1902F6002_025,4.2,5.4,6
1902F6002_026,5.4,5.4,7
1902F6002_027,5.4,6.0,7
1902F6002_028,6.0,4.8,5
1902F6002_029,4.8,5.2,7
1902F6002_030,5.2,5.6,3
1902F6002_031,5.6,4.2,5
1902F6002_032,4.2,4.6,7
1902F6002_033,4.6,5.2,0
1902F6002_034,5.2,5.2,6
1902F6002_035,5.2,5.4,7
1902F6002_036,5.4,5.0,5
1902F6002_037,5.0,4.2,4
1902F6002_038,4.2,5.0,6
1902F6002_039,5.0,5.8,7
1902F6002_040,5.8,4.2,3
1902F6002_041,4.2,5.6,6
1902F6002_042,5.6,5.4,5
1902F6002_043,5.4,5.6,6
1902F6002_044,5.6,6.0,5
1902F6002_045,6.0,4.0,3
1902F6002_046,4.0,4.4,7
1902F6002_047,4.4,5.0,3
1902F6002_048,5.0,4.8,3
1902F6002_049,4.8,4.0,3
1902F6002_050,4.0,4.0,4
1902F6002_051,4.0,4.0,4
1902F6002_052,4.0,3.2,7
1902F6002_053,3.2,5.0,6
1902F6002_054,5.0,4.6,5
1902F6002_055,4.6,5.2,7
1902F6002_056,5.2,5.8,6
1902F6002_057,5.8,5.6,7
1902F6002_058,5.6,5.2,7
1902F6002_059,5.2,5.8,6
1902F6002_060,5.8,5.0,5
1902F6002_061,5.0,5.4,7
1902F6002_062,5.4,4.4,3
1902F6002_063,4.4,4.6,3
1902F6002_064,4.6,3.8,4
1902F6002_065,3.8,4.2,7
1902F6002_066,4.2,5.0,6
1902F6002_067,5.0,5.0,3
1902F6002_068,5.0,4.4,7
1902F6002_069,4.4,4.8,6
1902F6002_070,4.8,5.0,5
1902F6002_071,5.0,4.2,7
1902F6002_072,4.2,4.8,6
1902F6002_073,4.8,4.6,3
1902F6002_074,4.6,3.6,7
1902F6002_075,3.6,4.0,3
1902F6002_076,4.0,4.2,3
1902F6002_077,4.2,4.0,6
1902F6002_078,4.0,4.8,6
1902F6002_079,4.8,5.2,5
1902F6002_080,5.2,4.0,3
1902F7001_001,4.0,4.0,3
1902F7001_002,4.0,4.0,3
1902F7001_003,4.0,4.6,7
1902F7001_004,4.6,4.6,7
1902F7001_005,4.6,4.2,6
1902F7001_006,4.2,3.8,3
1902F7001_007,3.8,5.0,3
1902F7001_008,5.0,4.0,4
1902F7001_009,4.0,5.0,6
1902F7001_010,5.0,5.0,6
1902F7001_011,5.0,4.2,3
1902F7001_012,4.2,3.4,7
1902F7001_013,3.4,4.4,6
1902F7001_014,4.4,3.0,7
1902F7001_015,3.0,4.2,0
1902F7001_016,4.2,2.8,6
1902F7001_017,2.8,3.8,7
1902F7001_018,3.8,3.6,3
1902F7001_019,3.6,4.0,4
1902F7001_020,4.0,4.8,6
1902F7001_021,4.8,4.4,7
1902F7001_022,4.4,3.8,6
1902F7001_023,3.8,4.4,6
1902F7001_024,4.4,4.0,3
1902F7001_025,4.0,5.4,7
1902F7001_026,5.4,5.2,7
1902F7001_027,5.2,4.0,3
1902F7001_028,4.0,4.6,7
1902F7001_029,4.6,5.0,0
1902F7001_030,5.0,3.2,7
1902F7001_031,3.2,4.2,7
1902F7001_032,4.2,4.8,7
1902F7001_033,4.8,5.6,6
1902F7001_034,5.6,5.2,6
1902F7001_035,5.2,4.0,3
1902F7001_036,4.0,4.0,3
1902F7001_037,4.0,4.0,4
1902F7001_038,4.0,4.0,4
1902F7001_039,4.0,4.8,6
1902F7001_040,4.8,3.0,7
1902F7001_041,3.0,5.6,7
1902F7001_042,5.6,5.2,6
1902F7001_043,5.2,3.0,7
1902F7001_044,3.0,5.4,5
1902F7001_045,5.4,4.2,3
1902F7001_046,4.2,3.0,7
1902F7001_047,3.0,3.2,7
1902F7001_048,3.2,1.8,7
1902F7001_049,1.8,4.0,4
1902F7001_050,4.0,4.0,4
1902F7001_051,4.0,3.0,7
1902F7001_052,3.0,3.8,7
1902F7001_053,3.8,3.0,7
1902F7001_054,3.0,3.8,3
1902F7001_055,3.8,2.8,7
1902F7001_056,2.8,4.0,3
1902F7001_057,4.0,4.0,4
1902F7001_058,4.0,2.8,7
1902F7001_059,2.8,5.0,7
1902F7001_060,5.0,5.4,6
1902F7001_061,5.4,3.0,7
1902F7001_062,3.0,3.8,3
1902F7001_063,3.8,3.0,7
1902F7001_064,3.0,1.6,7
1902F7001_065,1.6,3.0,3
1902F7001_066,3.0,2.4,7
1902F7001_067,2.4,3.8,3
1902F7001_068,3.8,2.4,7
1902F7001_069,2.4,2.4,7
1902F7001_070,2.4,3.6,3
1902F7001_071,3.6,1.6,7
1902F7001_072,1.6,2.4,3
1902F7001_073,2.4,1.6,0
1902F7001_074,1.6,3.2,3
1902F7001_075,3.2,4.0,3
1902F7001_076,4.0,5.4,6
1902F7001_077,5.4,5.2,6
1902F7001_078,5.2,4.6,3
1902F7002_001,4.0,4.0,3
1902F7002_002,4.0,4.0,3
1902F7002_003,4.0,4.6,7
1902F7002_004,4.6,4.6,7
1902F7002_005,4.6,4.0,3
1902F7002_006,4.0,4.6,3
1902F7002_007,4.6,4.0,4
1902F7002_008,4.0,5.0,6
1902F7002_009,5.0,5.6,6
1902F7002_010,5.6,5.2,6
1902F7002_011,5.2,5.0,7
1902F7002_012,5.0,3.6,7
1902F7002_013,3.6,4.0,3
1902F7002_014,4.0,5.8,0
1902F7002_015,5.8,5.2,3
1902F7002_016,5.2,4.2,3
1902F7002_017,4.2,5.8,7
1902F7002_018,5.8,5.0,3
1902F7002_019,5.0,5.0,6
1902F7002_020,5.0,5.2,5
1902F7002_021,5.2,4.2,4
1902F7002_022,4.2,5.2,6
1902F7002_023,5.2,5.8,7
1902F7002_024,5.8,5.2,7
1902F7002_025,5.2,4.8,7
1902F7002_026,4.8,5.4,6
1902F7002_027,5.4,5.2,5
1902F7002_028,5.2,5.4,7
1902F7002_029,5.4,4.0,3
1902F7002_030,4.0,5.2,3
1902F7002_031,5.2,5.0,5
1902F7002_032,5.0,5.0,7
1902F7002_033,5.0,4.6,0
1902F7002_034,4.6,4.2,7
1902F7002_035,4.2,4.4,5
1902F7002_036,4.4,4.8,6
1902F7002_037,4.8,3.8,3
1902F7002_038,3.8,3.2,7
1902F7002_039,3.2,3.8,3
1902F7002_040,3.8,3.6,3
1902F7002_041,3.6,6.0,7
1902F7002_042,6.0,6.4,6
1902F7002_043,6.4,5.2,5
1902F7002_044,5.2,5.4,5
1902F7002_045,5.4,4.0,3
1902F7002_046,4.0,4.0,4
1902F7002_047,4.0,4.0,4
1902F7002_048,4.0,5.0,7
1902F7002_049,5.0,5.2,6
1902F7002_050,5.2,6.2,6
1902F7002_051,6.2,4.4,3
1902F7002_052,4.4,3.2,7
1902F7002_053,3.2,4.0,3
1902F7002_054,4.0,4.0,3
1902F7002_055,4.0,4.0,4
1902F7002_056,4.0,6.0,6
1902F7002_057,6.0,5.8,6
1902F7002_058,5.8,6.0,6
1902F7002_059,6.0,5.0,5
1902F7002_060,5.0,5.0,5
1902F7002_061,5.0,3.2,7
1902F7002_062,3.2,2.8,7
1902F7002_063,2.8,3.8,6
1902F7002_064,3.8,4.8,6
1902F7002_065,4.8,5.6,6
1902F7002_066,5.6,3.8,5
1902F7002_067,3.8,4.6,5
1902F7002_068,4.6,4.2,3
1902F7002_069,4.2,4.0,4
1902F7002_070,4.0,6.2,7
1902F7002_071,6.2,6.0,6
1902F7002_072,6.0,6.6,6
1902F7002_073,6.6,5.0,5
1902F7002_074,5.0,6.2,7
1902F7002_075,6.2,5.0,5
1902F7002_076,5.0,6.4,7
1902F7002_077,6.4,4.6,3
1902F7002_078,4.6,5.0,5
1902F7002_079,5.0,4.2,3
1902F7002_080,4.2,2.8,7
1902F7002_081,2.8,2.4,1
1902F7002_082,2.4,5.2,6
1902F7002_083,5.2,4.0,3
1902F7002_084,4.0,5.2,6
1902F7002_085,5.2,4.8,3
1902F7003_001,4.0,4.0,3
1902F7003_002,4.0,4.4,3
1902F7003_003,4.4,5.0,7
1902F7003_004,5.0,5.0,7
1902F7003_005,5.0,5.0,6
1902F7003_006,5.0,4.2,3
1902F7003_007,4.2,4.2,3
1902F7003_008,4.2,4.0,4
1902F7003_009,4.0,5.4,6
1902F7003_010,5.4,5.2,6
1902F7003_011,5.2,5.0,6
1902F7003_012,5.0,6.0,7
1902F7003_013,6.0,5.4,0
1902F7003_014,5.4,5.6,3
1902F7003_015,5.6,4.0,3
1902F7003_016,4.0,5.0,7
1902F7003_017,5.0,5.8,6
1902F7003_018,5.8,6.0,3
1902F7003_019,6.0,6.0,5
1902F7003_020,6.0,3.8,3
1902F7003_021,3.8,4.0,4
1902F7003_022,4.0,4.0,4
1902F7003_023,4.0,5.6,6
1902F7003_024,5.6,5.4,3
1902F7003_025,5.4,5.4,7
1902F7003_026,5.4,5.6,7
1902F7003_027,5.6,6.0,3
1902F7003_028,6.0,4.0,3
1902F7003_029,4.0,5.8,7
1902F7003_030,5.8,3.6,3
1902F7003_031,3.6,5.6,5
1902F7003_032,5.6,5.0,7
1902F7003_033,5.0,4.8,0
1902F7003_034,4.8,3.0,6
1902F7003_035,3.0,3.6,3
1902F7003_036,3.6,3.4,3
1902F7003_037,3.4,4.0,4
1902F7003_038,4.0,3.4,7
1902F7003_039,3.4,4.0,4
1902F7003_040,4.0,4.4,7
1902F7003_041,4.4,6.0,7
1902F7003_042,6.0,6.2,6
1902F7003_043,6.2,4.4,5
1902F7003_044,4.4,4.0,4
1902F7003_045,4.0,5.2,7
1902F7003_046,5.2,3.0,7
1902F7003_047,3.0,6.0,3
1902F7003_048,6.0,4.0,5
1902F7003_049,4.0,6.2,7
1902F7003_050,6.2,6.0,6
1902F7003_051,6.0,3.6,5
1902F7003_052,3.6,3.8,3
1902F7003_053,3.8,4.0,4
1902F7003_054,4.0,5.4,6
1902F7003_055,5.4,6.2,7
1902F7003_056,6.2,6.2,7
1902F7003_057,6.2,6.2,5
1902F7003_058,6.2,5.8,6
1902F7003_059,5.8,5.0,5
1902F7003_060,5.0,4.6,3
1902F7003_061,4.6,5.8,6
1902F7003_062,5.8,6.0,6
1902F7003_063,6.0,4.6,3
1902M2001_001,4.0,4.2,3
1902M2001_002,4.2,4.6,3
1902M2001_003,4.6,4.8,7
1902M2001_004,4.8,4.8,6
1902M2001_005,4.8,5.0,7
1902M2001_006,5.0,5.2,3
1902M2001_007,5.2,5.6,3
1902M2001_008,5.6,4.4,4
1902M2001_009,4.4,5.0,6
1902M2001_010,5.0,5.6,6
1902M2001_011,5.6,3.6,3
1902M2001_012,3.6,4.4,6
1902M2001_013,4.4,4.2,7
1902M2001_014,4.2,3.8,3
1902M2001_015,3.8,4.8,6
1902M2001_016,4.8,4.8,6
1902M2001_017,4.8,5.4,3
1902M2001_018,5.4,5.2,7
1902M2001_019,5.2,5.6,5
1902M2001_020,5.6,4.8,7
1902M2001_021,4.8,4.4,3
1902M2001_022,4.4,4.6,7
1902M2001_023,4.6,4.2,3
1902M2001_024,4.2,4.0,3
1902M2001_025,4.0,4.0,4
1902M2001_026,4.0,4.2,4
1902M2001_027,4.2,5.2,6
1902M2001_028,5.2,4.0,7
1902M2001_029,4.0,5.4,6
1902M2001_030,5.4,6.0,5
1902M2001_031,6.0,4.6,7
1902M2001_032,4.6,4.0,3
1902M2001_033,4.0,5.2,7
1902M2001_034,5.2,5.0,0
1902M2001_035,5.0,4.0,3
1902M2001_036,4.0,3.4,7
1902M2001_037,3.4,3.2,3
1902M2001_038,3.2,3.8,3
1902M2001_039,3.8,4.6,6
1902M2001_040,4.6,4.2,4
1902M2001_041,4.2,5.6,7
1902M2001_042,5.6,6.2,6
1902M2001_043,6.2,5.2,6
1902M2001_044,5.2,5.4,6
1902M2001_045,5.4,4.4,5
1902M2001_046,4.4,4.8,5
1902M2001_047,4.8,4.0,7
1902M2001_048,4.0,3.0,7
1902M2001_049,3.0,3.8,3
1902M2001_050,3.8,3.8,3
1902M2001_051,3.8,6.2,7
1902M2001_052,6.2,5.4,6
1902M2001_053,5.4,4.6,3
1902M2001_054,4.6,3.8,7
1902M2001_055,3.8,4.0,3
1902M2001_056,4.0,3.2,7
1902M2001_057,3.2,3.4,3
1902M2001_058,3.4,5.4,7
1902M2001_059,5.4,4.6,6
1902M2001_060,4.6,4.0,3
1902M2001_061,4.0,4.4,3
1902M2001_062,4.4,4.2,4
1902M2001_063,4.2,4.0,7
1902M2001_064,4.0,5.4,7
1902M2001_065,5.4,5.0,6
1902M2001_066,5.0,5.6,6
1902M2001_067,5.6,5.4,3
1902M2001_068,5.4,5.0,7
1902M2001_069,5.0,5.2,0
1902M2001_070,5.2,4.8,3
1902M2001_071,4.8,4.2,5
1902M2001_072,4.2,4.0,4
1902M2001_073,4.0,4.2,4
1902M2001_074,4.2,6.0,6
1902M2001_075,6.0,5.6,6
1902M2001_076,5.6,5.6,5
1902M2001_077,5.6,3.8,7
1902M2001_078,3.8,4.8,6
1902M2001_079,4.8,5.2,5
1902M2001_080,5.2,4.0,3
1902M2001_081,4.0,5.0,6
1902M2001_082,5.0,5.2,6
1902M2001_083,5.2,4.0,3
1902M3001_001,4.0,4.0,3
1902M3001_002,4.0,4.4,3
1902M3001_003,4.4,5.0,7
1902M3001_004,5.0,5.2,7
1902M3001_005,5.2,4.8,6
1902M3001_006,4.8,4.2,3
1902M3001_007,4.2,4.8,3
1902M3001_008,4.8,4.8,3
1902M3001_009,4.8,4.0,4
1902M3001_010,4.0,5.0,6
1902M3001_011,5.0,6.0,6
1902M3001_012,6.0,5.8,7
1902M3001_013,5.8,5.2,6
1902M3001_014,5.2,4.8,7
1902M3001_015,4.8,4.0,3
1902M3001_016,4.0,4.2,4
1902M3001_017,4.2,4.8,6
1902M3001_018,4.8,5.4,6
1902M3001_019,5.4,4.4,4
1902M3001_020,4.4,5.2,7
1902M3001_021,5.2,5.8,7
1902M3001_022,5.8,5.6,6
1902M3001_023,5.6,6.0,6
1902M3001_024,6.0,4.0,3
1902M3001_025,4.0,4.4,6
1902M3001_026,4.4,5.8,6
1902M3001_027,5.8,3.8,3
1902M3001_028,3.8,3.8,5
1902M3001_029,3.8,4.0,4
1902M3001_030,4.0,3.8,4
1902M3001_031,3.8,5.8,7
1902M3001_032,5.8,5.6,7
1902M3001_033,5.6,5.2,6
1902M3001_034,5.2,4.0,3
1902M3001_035,4.0,6.0,7
1902M3001_036,6.0,6.4,6
1902M3001_037,6.4,5.8,6
1902M3001_038,5.8,4.2,3
1902M3001_039,4.2,5.0,3
1902M3001_040,5.0,4.4,7
1902M3001_041,4.4,3.8,0
1902M3001_042,3.8,4.0,4
1902M3001_043,4.0,4.6,7
1902M3001_044,4.6,4.4,7
1902M3001_045,4.4,5.2,6
1902M3001_046,5.2,5.4,6
1902M3001_047,5.4,4.0,3
1902M3001_048,4.0,5.6,6
1902M3001_049,5.6,3.8,3
1902M3001_050,3.8,5.8,6
1902M3001_051,5.8,3.6,5
1902M3001_052,3.6,4.0,4
1902M3001_053,4.0,5.2,7
1902M3001_054,5.2,5.6,7
1902M3001_055,5.6,4.0,7
1902M3001_056,4.0,5.2,6
1902M3001_057,5.2,4.0,3
1902M3001_058,4.0,4.6,7
1902M3001_059,4.6,4.0,3
1902M3001_060,4.0,5.0,7
1902M3001_061,5.0,5.2,6
1902M3001_062,5.2,5.2,6
1902M3001_063,5.2,4.0,3
1902M3001_064,4.0,4.2,3
1902M3001_065,4.2,4.2,4
1902M3001_066,4.2,5.2,7
1902M3001_067,5.2,6.2,6
1902M3001_068,6.2,5.8,7
1902M3001_069,5.8,6.4,6
1902M3001_070,6.4,4.0,5
1902M3001_071,4.0,4.2,3
1902M3001_072,4.2,4.8,6
1902M3001_073,4.8,5.0,6
1902M3001_074,5.0,4.0,3
1902M4001_001,4.0,4.0,3
1902M4001_002,4.0,4.4,3
1902M4001_005,4.4,5.2,7
1902M4001_006,5.2,5.2,7
1902M4001_007,5.2,4.6,6
1902M4001_008,4.6,3.8,3
1902M4001_009,3.8,4.4,3
1902M4001_010,4.4,4.4,4
1902M4001_011,4.4,5.4,6
1902M4001_012,5.4,6.0,6
1902M4001_013,6.0,5.6,6
1902M4001_014,5.6,5.0,7
1902M4001_015,5.0,5.0,7
1902M4001_016,5.0,5.0,6
1902M4001_017,5.0,3.8,3
1902M4001_018,3.8,4.0,4
1902M4001_019,4.0,4.2,4
1902M4001_020,4.2,5.0,6
1902M4001_021,5.0,5.6,7
1902M4001_022,5.6,6.2,7
1902M4001_023,6.2,5.0,5
1902M4001_024,5.0,6.6,6
1902M4001_025,6.6,5.4,5
1902M4001_026,5.4,6.2,7
1902M4001_027,6.2,4.6,0
1902M4001_028,4.6,5.0,7
1902M4001_029,5.0,3.6,3
1902M4001_030,3.6,5.4,7
1902M4001_031,5.4,3.8,3
1902M4001_032,3.8,3.2,5
1902M4001_034,3.2,4.0,4
1902M4001_035,4.0,5.4,6
1902M4001_036,5.4,6.2,7
1902M4001_037,6.2,6.6,7
1902M4001_038,6.6,6.0,6
1902M4001_039,6.0,3.6,3
1902M4001_040,3.6,6.0,7
1902M4001_041,6.0,6.4,6
1902M4001_042,6.4,3.8,3
1902M4001_043,3.8,5.0,5
1902M4001_044,5.0,3.8,4
1902M4001_045,3.8,6.0,6
1902M4001_046,6.0,6.2,7
1902M4001_047,6.2,6.2,6
1902M4001_048,6.2,3.8,3
1902M4001_049,3.8,6.2,7
1902M4001_050,6.2,6.2,7
1902M4001_051,6.2,6.0,7
1902M4001_052,6.0,5.2,5
1902M4001_053,5.2,4.8,3
1902M4001_054,4.8,4.2,4
1902M4001_055,4.2,4.8,7
1902M4001_056,4.8,5.8,6
1902M4001_057,5.8,6.6,7
1902M4001_058,6.6,4.0,3
1902M4001_059,4.0,6.2,7
1902M4001_060,6.2,4.6,3
1902M4001_061,4.6,4.0,5
1902M4001_062,4.0,6.2,6
1902M4001_063,6.2,6.4,7
1902M4001_064,6.4,6.8,6
1902M4001_065,6.8,4.8,5
1902M4001_066,4.8,6.2,7
1902M4001_067,6.2,5.4,5
1902M4001_068,5.4,5.4,3
1902M4001_069,5.4,6.4,6
1902M4001_070,6.4,5.0,6
1902M4001_071,5.0,5.0,3
1902M4001_072,5.0,4.4,5
1902M4002_001,4.0,4.0,3
1902M4002_002,4.0,4.2,3
1902M4002_003,4.2,4.8,7
1902M4002_004,4.8,4.4,7
1902M4002_005,4.4,4.6,6
1902M4002_006,4.6,3.6,3
1902M4002_007,3.6,5.0,3
1902M4002_008,5.0,4.8,3
1902M4002_009,4.8,4.2,4
1902M4002_010,4.2,5.0,6
1902M4002_011,5.0,5.4,6
1902M4002_012,5.4,4.0,6
1902M4002_013,4.0,4.8,7
1902M4002_014,4.8,4.0,7
1902M4002_015,4.0,5.0,6
1902M4002_016,5.0,4.2,3
1902M4002_017,4.2,4.0,4
1902M4002_018,4.0,4.0,4
1902M4002_019,4.0,5.0,6
1902M4002_020,5.0,4.8,6
1902M4002_021,4.8,4.2,4
1902M4002_022,4.2,5.4,7
1902M4002_023,5.4,4.0,7
1902M4002_024,4.0,4.0,6
1902M4002_025,4.0,3.4,7
1902M4002_026,3.4,5.2,6
1902M4002_027,5.2,3.2,6
1902M4002_028,3.2,4.8,6
1902M4002_029,4.8,4.8,3
1902M4002_030,4.8,3.2,7
1902M4002_031,3.2,4.0,3
1902M4002_032,4.0,4.4,0
1902M4002_033,4.4,4.2,4
1902M4002_034,4.2,2.8,7
1902M4002_035,2.8,5.6,7
1902M4002_036,5.6,5.8,6
1902M4002_037,5.8,4.0,3
1902M4002_038,4.0,5.0,7
1902M4002_039,5.0,4.0,3
1902M4002_040,4.0,4.8,7
1902M4002_041,4.8,5.6,0
1902M4002_042,5.6,4.2,3
1902M4002_043,4.2,4.0,4
1902M4002_044,4.0,4.2,4
1902M4002_045,4.2,3.4,7
1902M4002_046,3.4,5.0,6
1902M4002_047,5.0,5.0,7
1902M4002_048,5.0,5.0,7
1902M4002_049,5.0,4.0,3
1902M4002_050,4.0,3.8,3
1902M4002_051,3.8,4.8,7
1902M4002_052,4.8,5.0,0
1902M4002_053,5.0,5.2,7
1902M4002_054,5.2,3.8,7
1902M4002_055,3.8,3.8,3
1902M4002_056,3.8,5.0,5
1902M4002_057,5.0,4.0,3
1902M4002_058,4.0,4.0,4
1902M4002_059,4.0,5.4,7
1902M4002_060,5.4,5.4,7
1902M4002_061,5.4,4.6,3
1902M4002_062,4.6,5.6,7
1902M4002_063,5.6,4.4,3
1902M4002_064,4.4,3.8,7
1902M4002_065,3.8,3.2,3
1902M4002_066,3.2,3.4,3
1902M4002_067,3.4,3.6,7
1902M4002_068,3.6,4.0,3
1902M4002_069,4.0,4.0,4
1902M4002_070,4.0,4.8,6
1902M4002_071,4.8,5.0,7
1902M4002_072,5.0,4.2,3
1902M4002_073,4.2,5.4,6
1902M4002_074,5.4,4.4,3
1902M4002_075,4.4,5.4,7
1902M4002_076,5.4,4.0,3
1902M4002_077,4.0,4.4,5
1902M4002_078,4.4,4.2,4
1902M4002_079,4.2,3.4,7
1902M4002_080,3.4,5.2,6
1902M4002_081,5.2,5.6,6
1902M4002_082,5.6,6.4,6
1902M4002_083,6.4,5.0,3
1902M4002_084,5.0,3.2,7
1902M4002_085,3.2,3.4,3
1902M4002_086,3.4,4.0,3
1902M4002_087,4.0,5.2,6
1902M4002_088,5.2,4.8,6
1902M4002_089,4.8,4.0,3
1902M4003_001,4.0,4.0,3
1902M4003_002,4.0,4.0,3
1902M4003_003,4.0,4.4,7
1902M4003_004,4.4,4.6,7
1902M4003_005,4.6,5.0,6
1902M4003_006,5.0,4.2,3
1902M4003_007,4.2,4.6,3
1902M4003_008,4.6,4.0,4
1902M4003_009,4.0,5.0,6
1902M4003_010,5.0,5.0,6
1902M4003_011,5.0,5.2,6
1902M4003_012,5.2,4.4,7
1902M4003_013,4.4,3.8,7
1902M4003_014,3.8,3.2,7
1902M4003_015,3.2,3.8,3
1902M4003_016,3.8,5.0,6
1902M4003_017,5.0,5.6,5
1902M4003_018,5.6,3.2,7
1902M4003_019,3.2,4.0,3
1902M4003_020,4.0,4.0,3
1902M4003_021,4.0,4.0,4
1902M4003_023,4.0,4.8,6
1902M4003_024,4.8,4.8,6
1902M4003_025,4.8,4.0,4
1902M4003_026,4.0,5.2,7
1902M4003_027,5.2,4.4,6
1902M4003_028,4.4,4.6,6
1902M4003_029,4.6,5.2,6
1902M4003_030,5.2,4.2,3
1902M4003_031,4.2,4.0,4
1902M4003_034,4.0,4.8,6
1902M4003_035,4.8,3.2,7
1902M4003_036,3.2,4.0,3
1902M4003_037,4.0,3.8,3
1902M4003_039,3.8,4.8,7
1902M4003_040,4.8,4.4,0
1902M4003_041,4.4,4.0,4
1902M4003_042,4.0,4.8,6
1902M4003_043,4.8,5.2,7
1902M4003_044,5.2,4.0,6
1902M4003_045,4.0,4.0,3
1902M4003_046,4.0,4.4,7
1902M4003_048,4.4,5.0,2
1902M4003_049,5.0,4.4,7
1902M4003_050,4.4,5.2,7
1902M4003_051,5.2,4.6,3
1902M4003_052,4.6,3.6,3
1902M4003_053,3.6,3.2,7
1902M4003_054,3.2,2.2,6
1902M4003_055,2.2,4.4,7
1902M4003_056,4.4,4.8,6
1902M4003_057,4.8,4.4,6
1902M4003_058,4.4,3.8,3
1902M4003_059,3.8,4.0,3
1902M4003_060,4.0,4.0,4
1902M4003_061,4.0,4.0,4
1902M4003_063,4.0,3.0,2
1902M4003_064,3.0,4.8,6
1902M4003_065,4.8,5.2,7
1902M4003_066,5.2,4.4,7
1902M4003_067,4.4,4.0,3
1902M4003_068,4.0,2.2,7
1902M4003_069,2.2,4.0,3
1902M4003_070,4.0,2.6,7
1902M4003_071,2.6,3.4,3
1902M4003_072,3.4,4.8,7
1902M4003_073,4.8,4.0,3
1902M4003_074,4.0,5.0,7
1902M4003_075,5.0,4.0,5
1902M4003_076,4.0,4.4,3
1902M4003_077,4.4,4.2,4
1902M4003_078,4.2,3.2,7
1902M4003_079,3.2,4.0,6
1902M4003_080,4.0,4.2,7
1902M4003_082,4.2,2.0,2
1902M4003_083,2.0,2.8,7
1902M4003_084,2.8,3.4,7
1902M4003_085,3.4,3.6,3
1902M4003_086,3.6,3.4,7
1902M4003_087,3.4,2.4,6
1902M4003_088,2.4,3.8,3
1902M4003_090,3.8,3.8,2
1902M4003_091,3.8,5.0,6
1902M4003_092,5.0,4.0,3
1902M5001_001,4.0,4.2,3
1902M5001_002,4.2,4.2,3
1902M5001_003,4.2,4.6,7
1902M5001_004,4.6,5.0,7
1902M5001_005,5.0,5.0,6
1902M5001_006,5.0,4.0,3
1902M5001_007,4.0,4.2,3
1902M5001_008,4.2,4.0,4
1902M5001_009,4.0,4.8,6
1902M5001_010,4.8,5.8,6
1902M5001_011,5.8,4.6,6
1902M5001_012,4.6,4.4,7
1902M5001_013,4.4,6.2,6
1902M5001_014,6.2,4.8,5
1902M5001_015,4.8,4.0,4
1902M5001_016,4.0,4.2,6
1902M5001_017,4.2,5.0,6
1902M5001_018,5.0,4.2,3
1902M5001_019,4.2,4.2,4
1902M5001_020,4.2,5.8,7
1902M5001_021,5.8,4.2,7
1902M5001_022,4.2,5.4,6
1902M5001_023,5.4,5.4,5
1902M5001_024,5.4,4.6,7
1902M5001_025,4.6,3.4,0
1902M5001_026,3.4,4.2,4
1902M5001_027,4.2,3.8,7
1902M5001_028,3.8,5.2,6
1902M5001_029,5.2,4.2,3
1902M5001_030,4.2,3.2,7
1902M5001_031,3.2,4.0,3
1902M5001_032,4.0,4.2,4
1902M5001_033,4.2,3.0,7
1902M5001_034,3.0,2.0,7
1902M5001_035,2.0,3.2,3
1902M5001_036,3.2,5.6,7
1902M5001_037,5.6,6.4,6
1902M5001_038,6.4,5.4,6
1902M5001_039,5.4,3.6,3
1902M5001_040,3.6,4.2,4
1902M5001_041,4.2,4.0,6
1902M5001_042,4.0,3.0,7
1902M5001_043,3.0,3.2,7
1902M5001_044,3.2,4.0,3
1902M5001_045,4.0,3.8,7
1902M5001_046,3.8,4.2,3
1902M5001_047,4.2,4.2,4
1902M5001_048,4.2,4.6,7
1902M5001_049,4.6,4.0,0
1902M5001_050,4.0,4.6,7
1902M5001_051,4.6,5.6,7
1902M5001_052,5.6,4.0,6
1902M5001_053,4.0,5.0,7
1902M5001_054,5.0,4.0,3
1902M5001_057,4.0,5.2,2
1902M5001_058,5.2,4.2,3
1902M5001_059,4.2,4.2,3
1902M5001_060,4.2,4.0,6
1902M5001_061,4.0,3.2,6
1902M5001_062,3.2,4.2,3
1902M5001_063,4.2,4.2,3
1902M5002_001,4.0,4.0,3
1902M5002_002,4.0,4.0,3
1902M5002_003,4.0,4.6,7
1902M5002_004,4.6,4.8,7
1902M5002_005,4.8,4.8,6
1902M5002_006,4.8,4.8,3
1902M5002_007,4.8,4.4,3
1902M5002_008,4.4,4.0,4
1902M5002_009,4.0,5.2,6
1902M5002_010,5.2,5.2,6
1902M5002_011,5.2,4.8,7
1902M5002_012,4.8,4.6,6
1902M5002_013,4.6,5.2,6
1902M5002_014,5.2,5.8,7
1902M5002_015,5.8,4.0,3
1902M5002_016,4.0,4.8,7
1902M5002_017,4.8,5.2,6
1902M5002_018,5.2,5.4,6
1902M5002_019,5.4,4.6,5
1902M5002_020,4.6,3.8,3
1902M5002_021,3.8,4.2,3
1902M5002_022,4.2,4.0,4
1902M5002_023,4.0,4.0,4
1902M5002_024,4.0,4.8,6
1902M5002_025,4.8,5.4,7
1902M5002_026,5.4,4.4,7
1902M5002_027,4.4,5.2,7
1902M5002_028,5.2,5.2,3
1902M5002_029,5.2,5.6,7
1902M5002_030,5.6,3.8,5
1902M5002_031,3.8,4.8,7
1902M5002_032,4.8,4.8,0
1902M5002_033,4.8,5.2,7
1902M5002_034,5.2,5.2,6
1902M5002_035,5.2,5.6,5
1902M5002_036,5.6,4.2,3
1902M5002_037,4.2,5.4,7
1902M5002_038,5.4,4.6,5
1902M5002_039,4.6,5.2,6
1902M5002_040,5.2,4.2,4
1902M5002_041,4.2,4.8,7
1902M5002_042,4.8,5.4,6
1902M5002_043,5.4,5.0,7
1902M5002_044,5.0,3.2,6
1902M5002_045,3.2,4.0,3
1902M5002_046,4.0,4.2,6
1902M5002_047,4.2,4.2,3
1902M5002_048,4.2,4.2,3
1902M5002_049,4.2,4.0,4
1902M5002_050,4.0,4.6,7
1902M5002_051,4.6,2.8,7
1902M5002_052,2.8,4.0,3
1902M5002_053,4.0,5.0,6
1902M5002_054,5.0,4.0,3
1902M5002_055,4.0,4.0,4
1902M5002_056,4.0,4.8,6
1902M5002_057,4.8,5.2,7
1902M5002_058,5.2,5.8,6
1902M5002_059,5.8,4.2,5
1902M5002_060,4.2,5.0,7
1902M5002_061,5.0,4.6,6
1902M5002_062,4.6,4.0,7
1902M5002_063,4.0,3.6,5
1902M5002_064,3.6,3.6,7
1902M5002_065,3.6,4.8,3
1902M5002_066,4.8,4.4,3
1902M5002_067,4.4,4.2,3
1902M5002_068,4.2,4.0,4
1902M5002_069,4.0,4.8,7
1902M5002_070,4.8,5.4,6
1902M5002_071,5.4,4.2,3
1902M5002_072,4.2,2.6,7
1902M5002_073,2.6,5.4,7
1902M5002_074,5.4,3.8,3
1902M5002_075,3.8,3.4,7
1902M5002_076,3.4,3.0,7
1902M5002_077,3.0,4.4,7
1902M5002_078,4.4,5.4,6
1902M5002_079,5.4,4.2,5
1902M5002_080,4.2,4.8,6
1902M5002_081,4.8,4.6,5
1902M5002_082,4.6,4.2,3
1902M5002_083,4.2,4.0,4
1902M5002_084,4.0,4.6,7
1902M5002_085,4.6,5.4,7
1902M5002_086,5.4,6.0,6
1902M5002_087,6.0,4.4,5
1902M5002_088,4.4,4.8,7
1902M5002_089,4.8,5.6,6
1902M5002_090,5.6,4.2,5
1902M5002_091,4.2,4.8,7
1902M5002_092,4.8,3.8,3
1902M5002_093,3.8,4.6,7
1902M5002_094,4.6,4.4,6
1902M5002_095,4.4,3.8,5
1902M5002_096,3.8,4.2,3
1902M5002_097,4.2,4.6,6
1902M5002_098,4.6,4.4,6
1902M5002_099,4.4,4.0,3
1902M5003_001,4.0,4.0,3
1902M5003_002,4.0,4.4,3
1902M5003_003,4.4,4.6,7
1902M5003_004,4.6,4.6,7
1902M5003_005,4.6,4.4,6
1902M5003_006,4.4,4.6,3
1902M5003_007,4.6,4.0,4
1902M5003_008,4.0,4.8,6
1902M5003_009,4.8,5.0,6
1902M5003_010,5.0,4.4,5
1902M5003_011,4.4,5.0,7
1902M5003_012,5.0,4.8,6
1902M5003_013,4.8,4.8,6
1902M5003_014,4.8,3.8,5
1902M5003_015,3.8,5.0,7
1902M5003_016,5.0,5.0,3
1902M5003_017,5.0,5.2,6
1902M5003_018,5.2,4.2,3
1902M5003_019,4.2,4.2,3
1902M5003_020,4.2,4.2,4
1902M5003_021,4.2,4.0,4
1902M5003_022,4.0,4.8,6
1902M5003_023,4.8,5.0,6
1902M5003_024,5.0,5.4,7
1902M5003_025,5.4,5.2,6
1902M5003_026,5.2,4.6,6
1902M5003_027,4.6,4.2,3
1902M5003_028,4.2,5.2,6
1902M5003_029,5.2,4.4,3
1902M5003_030,4.4,4.0,4
1902M5003_031,4.0,5.0,6
1902M5003_032,5.0,5.8,7
1902M5003_033,5.8,4.2,6
1902M5003_034,4.2,4.2,3
1902M5003_035,4.2,4.0,6
1902M5003_036,4.0,4.0,0
1902M5003_037,4.0,4.0,3
1902M5003_038,4.0,4.0,4
1902M5003_039,4.0,4.8,6
1902M5003_040,4.8,5.6,7
1902M5003_041,5.6,5.8,6
1902M5003_042,5.8,4.8,3
1902M5003_043,4.8,5.4,6
1902M5003_044,5.4,4.2,3
1902M5003_045,4.2,5.6,6
1902M5003_046,5.6,4.0,3
1902M5003_047,4.0,4.4,3
1902M5003_048,4.4,5.4,7
1902M5003_049,5.4,5.2,6
1902M5003_050,5.2,5.4,7
1902M5003_051,5.4,5.0,5
1902M5003_052,5.0,4.6,3
1902M5003_053,4.6,5.2,7
1902M5003_054,5.2,5.4,6
1902M5003_055,5.4,5.6,6
1902M5003_056,5.6,5.2,7
1902M5003_057,5.2,4.2,3
1902M5003_058,4.2,4.8,7
1902M5003_059,4.8,5.6,0
1902M5003_060,5.6,5.0,7
1902M5003_061,5.0,5.2,6
1902M5003_062,5.2,4.4,3
1902M5003_063,4.4,5.0,7
1902M5003_064,5.0,4.8,7
1902M5003_065,4.8,5.0,5
1902M5003_066,5.0,4.0,4
1902M5003_067,4.0,3.6,7
1902M5003_068,3.6,4.0,3
1902M5003_069,4.0,4.8,7
1902M5003_070,4.8,5.2,6
1902M5003_071,5.2,4.2,3
1902M5003_072,4.2,5.2,6
1902M5003_073,5.2,4.2,3
1902M5003_074,4.2,4.0,4
1902M5003_075,4.0,4.6,7
1902M5003_076,4.6,5.2,7
1902M5003_077,5.2,6.0,6
1902M5003_078,6.0,5.2,7
1902M5003_079,5.2,6.0,6
1902M5003_080,6.0,4.4,5
1902M5003_081,4.4,5.4,7
1902M5003_082,5.4,4.0,3
1902M5003_083,4.0,4.4,3
1902M5003_084,4.4,5.0,6
1902M5003_085,5.0,4.8,6
1902M5003_086,4.8,4.0,3
1902M7001_001,4.0,4.0,3
1902M7001_002,4.0,3.8,3
1902M7001_003,3.8,4.4,7
1902M7001_004,4.4,4.4,7
1902M7001_005,4.4,3.8,3
1902M7001_006,3.8,4.4,6
1902M7001_007,4.4,3.8,3
1902M7001_008,3.8,3.8,3
1902M7001_009,3.8,4.0,4
1902M7001_010,4.0,4.8,6
1902M7001_011,4.8,5.0,6
1902M7001_012,5.0,3.8,0
1902M7001_013,3.8,4.0,6
1902M7001_014,4.0,3.6,7
1902M7001_015,3.6,2.8,7
1902M7001_016,2.8,3.8,3
1902M7001_017,3.8,4.8,6
1902M7001_018,4.8,5.0,6
1902M7001_019,5.0,4.0,5
1902M7001_020,4.0,4.8,7
1902M7001_021,4.8,4.6,6
1902M7001_022,4.6,5.0,7
1902M7001_023,5.0,3.8,6
1902M7001_024,3.8,2.6,3
1902M7001_025,2.6,3.0,3
1902M7001_026,3.0,3.4,3
1902M7001_027,3.4,4.0,4
1902M7001_028,4.0,4.6,6
1902M7001_029,4.6,4.6,6
1902M7001_030,4.6,4.2,4
1902M7001_031,4.2,4.4,7
1902M7001_032,4.4,4.2,7
1902M7001_033,4.2,3.2,6
1902M7001_034,3.2,4.4,6
1902M7001_035,4.4,4.0,6
1902M7001_036,4.0,3.6,3
1902M7001_037,3.6,3.6,3
1902M7001_038,3.6,2.6,7
1902M7001_039,2.6,5.0,7
1902M7001_040,5.0,5.2,6
1902M7001_041,5.2,3.2,6
1902M7001_042,3.2,3.0,3
1902M7001_043,3.0,4.0,4
1902M7001_044,4.0,4.0,7
1902M7001_045,4.0,4.4,7
1902M7001_046,4.4,5.2,6
1902M7001_047,5.2,5.4,7
1902M7001_048,5.4,5.6,6
1902M7001_049,5.6,4.0,5
1902M7001_050,4.0,5.2,7
1902M7001_051,5.2,4.0,6
1902M7001_052,4.0,3.8,3
1902M7001_053,3.8,3.8,7
1902M7001_054,3.8,3.2,7
1902M7001_055,3.2,4.8,6
1902M7001_056,4.8,5.2,5
1902M7001_057,5.2,3.8,5
1902M7001_058,3.8,4.0,3
1902M7001_059,4.0,4.0,4
1902M7001_060,4.0,4.0,4
1902M7001_061,4.0,4.8,7
1902M7001_062,4.8,4.8,7
1902M7001_063,4.8,4.2,5
1902M7001_064,4.2,4.8,7
1902M7001_065,4.8,4.0,5
1902M7001_066,4.0,4.4,7
1902M7001_067,4.4,3.6,0
1902M7001_068,3.6,2.0,7
1902M7001_069,2.0,2.0,7
1902M7001_070,2.0,3.8,3
1902M7001_071,3.8,3.8,5
1902M7001_072,3.8,4.0,4
1902M7001_073,4.0,4.0,4
1902M7001_074,4.0,4.4,7
1902M7001_075,4.4,4.8,7
1902M7001_076,4.8,3.8,7
1902M7001_077,3.8,3.2,7
1902M7001_078,3.2,4.8,3
1902M7001_079,4.8,5.0,7
1902M7001_080,5.0,5.0,6
1902M7001_081,5.0,3.0,6
1902M7001_082,3.0,3.8,3
1902M7001_083,3.8,4.6,7
1902M7001_084,4.6,3.8,3
1902M7001_085,3.8,4.8,6
1902M7001_086,4.8,4.0,6
1902M7001_087,4.0,3.0,6
1902M7001_088,3.0,3.6,3
1902M7002_001,4.0,4.2,3
1902M7002_002,4.2,4.4,3
1902M7002_003,4.4,5.0,7
1902M7002_004,5.0,4.8,7
1902M7002_005,4.8,4.8,6
1902M7002_006,4.8,4.8,3
1902M7002_007,4.8,4.2,4
1902M7002_008,4.2,5.0,6
1902M7002_009,5.0,4.8,6
1902M7002_010,4.8,4.8,6
1902M7002_011,4.8,4.4,7
1902M7002_012,4.4,4.0,3
1902M7002_013,4.0,4.0,0
1902M7002_014,4.0,3.4,6
1902M7002_015,3.4,4.6,3
1902M7002_016,4.6,5.0,7
1902M7002_017,5.0,4.8,6
1902M7002_018,4.8,4.2,3
1902M7002_019,4.2,3.6,7
1902M7002_020,3.6,4.0,3
1902M7002_021,4.0,4.2,3
1902M7002_022,4.2,4.2,4
1902M7002_023,4.2,4.8,6
1902M7002_024,4.8,4.8,6
1902M7002_025,4.8,4.2,4
1902M7002_026,4.2,3.6,7
1902M7002_027,3.6,3.0,7
1902M7002_028,3.0,5.0,7
1902M7002_029,5.0,4.8,6
1902M7002_030,4.8,5.0,3
1902M7002_031,5.0,3.8,6
1902M7002_032,3.8,4.0,3
1902M7002_033,4.0,3.8,4
1902M7002_034,3.8,5.2,6
1902M7002_035,5.2,3.6,7
1902M7002_036,3.6,5.6,7
1902M7002_037,5.6,6.0,6
1902M7002_038,6.0,5.4,6
1902M7002_039,5.4,4.6,5
1902M7002_040,4.6,5.2,7
1902M7002_041,5.2,4.0,5
1902M7002_042,4.0,4.2,4
1902M7002_043,4.2,3.6,7
1902M7002_044,3.6,5.0,6
1902M7002_045,5.0,4.8,7
1902M7002_046,4.8,4.8,6
1902M7002_047,4.8,4.8,7
1902M7002_048,4.8,4.0,3
1902M7002_049,4.0,5.0,7
1902M7002_050,5.0,4.4,3
1902M7002_051,4.4,5.2,6
1902M7002_052,5.2,4.0,3
1902M7002_053,4.0,5.0,7
1902M7002_054,5.0,4.6,0
1902M7002_055,4.6,4.2,7
1902M7002_056,4.2,4.8,7
1902M7002_057,4.8,5.2,6
1902M7002_058,5.2,4.0,5
1902M7002_059,4.0,4.2,7
1902M7002_060,4.2,4.0,3
1902M7002_061,4.0,4.8,5
1902M7002_062,4.8,4.2,3
1902M7002_063,4.2,4.2,4
1902M7002_064,4.2,4.0,4
1902M7002_065,4.0,3.2,7
1902M7002_066,3.2,5.0,6
1902M7002_067,5.0,4.6,7
1902M7002_068,4.6,5.2,7
1902M7002_069,5.2,5.4,6
1902M7002_070,5.4,4.2,3
1902M7002_071,4.2,5.2,7
1902M7002_072,5.2,5.6,6
1902M7002_073,5.6,4.6,5
1902M7002_074,4.6,3.0,7
1902M7002_075,3.0,3.8,3
1902M7002_076,3.8,4.2,3
1902M7002_077,4.2,2.4,6
1902M7002_078,2.4,4.2,6
1902M7002_079,4.2,4.0,3
1902M7002_080,4.0,5.0,7
1902M7002_081,5.0,4.2,3
1902M7002_082,4.2,2.8,7
1902M7002_083,2.8,3.8,3
1902M7002_084,3.8,4.2,3
