name,a1,a2,a3,a4,a5
F2006_001,4,4,4,4,4
F2006_002,7,7,5,5,7
F2006_003,5,5,6,5,7
F2006_004,6,5,7,6,6
F2006_005,6,4,6,7,7
F2006_006,5,3,6,7,4
F2006_007,5,2,4,6,1
F2006_008,5,3,4,5,4
F2006_009,4,4,5,5,4
F2006_010,3,2,5,5,1
F2006_011,2,2,5,4,1
F2006_012,1,3,4,1,1
F2006_013,1,4,4,2,4
F2006_014,1,2,3,1,1
F2006_015,4,4,4,4,4
F2006_016,5,5,3,4,3
F2006_017,2,4,2,1,1
F2006_018,1,4,1,3,1
F2006_019,5,4,2,2,2
F2006_020,5,4,3,3,4
F2006_021,1,3,1,3,1
F2006_022,1,2,1,1,1
F2006_023,1,2,2,2,1
F2006_024,2,2,4,1,1
F2006_025,1,2,4,1,1
F2006_026,4,4,4,4,4
F2006_027,6,4,5,5,7
F2006_028,7,6,5,6,7
F2006_029,6,5,6,7,7
F2006_030,4,4,4,6,5
F2006_031,6,5,5,5,7
F2006_032,5,4,6,6,4
F2006_033,2,4,4,7,3
F2006_034,6,4,5,6,4
F2006_035,5,5,6,5,5
F2006_036,5,5,5,7,5
F2006_037,4,4,6,5,3
F2006_038,2,3,4,7,1
F2006_039,4,4,4,4,4
F2006_040,5,5,5,3,4
F2006_041,5,4,4,5,1
F2006_042,4,5,2,3,1
F2006_043,1,2,1,1,1
F2006_044,5,4,4,4,4
F2006_045,4,4,5,2,3
F2006_046,2,3,4,1,2
F2006_047,2,4,4,2,2
F2006_048,2,4,5,3,2
F2006_049,1,2,2,1,1
F2006_050,4,4,4,4,4
F2006_051,5,2,2,4,4
F2006_052,2,2,4,4,1
F2006_053,5,4,6,5,7
F2006_054,5,5,5,6,7
F2006_055,5,5,6,6,6
F2006_056,5,4,3,5,7
F2006_057,6,6,4,6,7
F2006_058,5,4,7,6,3
F2006_059,5,4,6,6,3
F2006_060,4,4,6,7,5
F2006_061,4,4,4,6,1
F2006_062,5,4,6,7,6
F2006_063,4,4,4,7,6
F2006_064,5,4,5,6,7
F2006_065,4,4,6,5,5
F2006_066,2,4,5,5,2
F2006_067,3,4,4,4,2
F2006_068,5,5,6,5,2
F2006_069,5,4,3,4,1
F2006_070,4,4,4,4,4
F2006_071,4,6,2,4,5
F2006_072,2,5,3,5,3
F2006_073,3,5,3,4,5
F2006_074,4,4,2,3,5
F2006_075,2,4,4,3,1
F2006_076,5,4,5,5,4
F2006_077,4,4,5,5,4
F2006_078,2,3,4,3,3
F2006_079,2,4,5,3,3
F2006_080,2,4,5,2,3
F2006_081,2,4,5,1,2
F2006_082,2,3,4,1,1
F2010_001,4,4,4,4,4
F2010_002,5,4,7,5,7
F2010_003,5,4,5,5,7
F2010_004,6,4,6,6,7
F2010_005,4,4,5,6,6
F2010_006,4,4,6,7,6
F2010_007,3,3,4,6,4
F2010_008,4,4,2,5,4
F2010_009,4,3,3,5,4
F2010_010,5,3,5,4,2
F2010_011,4,3,3,3,1
F2010_012,4,4,5,3,2
F2010_013,2,2,4,2,1
F2010_014,5,4,4,4,4
F2010_015,4,4,4,4,4
F2010_016,5,4,4,3,3
F2010_017,5,3,3,2,1
F2010_018,6,4,5,3,1
F2010_019,2,1,4,1,5
F2010_020,2,2,5,1,1
F2010_021,1,1,4,1,1
F2010_022,3,2,3,2,1
F2010_023,2,2,1,1,1
F2010_024,1,1,3,1,1
F2010_025,1,3,4,2,1
F2010_026,2,2,4,2,1
F2010_027,1,2,2,1,1
F2010_028,4,4,4,4,4
F2010_029,6,5,6,5,7
F2010_030,7,4,6,6,6
F2010_031,6,4,7,6,7
F2010_032,7,4,7,6,7
F2010_033,6,5,7,6,7
F2010_034,5,3,4,6,4
F2010_035,4,4,4,5,5
F2010_036,5,6,5,6,6
F2010_037,4,3,4,5,4
F2010_038,5,4,5,5,3
F2010_039,3,4,5,5,2
F2010_040,2,5,5,6,1
F2010_041,2,4,4,5,1
F2010_042,4,4,4,4,4
F2010_043,5,4,3,5,6
F2010_044,5,4,2,5,6
F2010_045,6,5,3,5,6
F2010_046,5,4,5,5,5
F2010_047,4,4,4,5,4
F2010_048,3,4,4,4,4
F2010_049,4,3,4,4,3
F2010_050,3,4,4,3,2
F2010_051,2,4,5,3,2
F2010_052,1,2,4,2,1
F2010_053,4,4,4,4,4
F2010_054,5,4,6,6,7
F2010_055,5,4,6,5,7
F2010_056,6,6,7,7,7
F2010_057,4,4,6,7,7
F2010_058,5,4,4,6,6
F2010_059,3,4,4,6,4
F2010_060,6,4,5,6,5
F2010_061,5,6,6,5,6
F2010_062,5,4,5,5,5
F2010_063,3,3,4,4,4
F2010_064,6,5,6,5,6
F2010_065,2,4,4,5,5
F2010_066,4,4,4,4,4
F2010_067,5,4,5,4,5
F2010_068,3,3,3,3,5
F2010_069,3,2,1,2,3
F2010_070,3,1,4,1,1
F2010_071,4,4,5,2,2
F2010_072,4,4,2,2,1
F2010_073,3,4,1,1,1
F2010_074,2,4,4,2,2
F2010_075,2,3,4,1,1
F2010_076,1,1,1,1,1
F2010_077,2,1,4,3,1
F2018_001,4,4,4,4,4
F2018_002,6,4,5,5,7
F2018_003,6,4,4,5,7
F2018_004,6,5,6,6,7
F2018_005,6,5,5,6,7
F2018_006,5,4,5,7,7
F2018_007,2,3,4,6,5
F2018_008,4,3,6,7,7
F2018_009,5,3,5,6,6
F2018_010,6,3,7,6,7
F2018_011,6,4,5,5,5
F2018_012,5,3,4,5,4
F2018_013,6,3,5,5,6
F2018_014,4,4,5,5,4
F2018_015,5,3,4,5,2
F2018_016,4,4,4,4,4
F2018_017,6,4,3,4,4
F2018_018,5,4,5,5,5
F2018_019,5,4,3,5,5
F2018_020,5,4,3,5,4
F2018_021,2,3,4,6,2
F2018_022,2,2,2,3,4
F2018_023,2,2,2,2,1
F2018_024,5,3,1,3,4
F2018_025,5,4,2,2,2
F2018_026,5,4,1,1,4
F2018_027,3,3,1,1,1
F2018_028,3,2,1,1,1
F2018_029,2,2,3,2,1
F2018_030,4,4,4,5,4
F2018_031,6,4,4,5,7
F2018_032,6,6,5,6,6
F2018_033,6,5,6,7,7
F2018_034,6,6,7,7,6
F2018_035,3,4,5,7,4
F2018_036,6,4,6,7,5
F2018_037,5,4,5,7,5
F2018_038,4,3,4,5,5
F2018_039,6,2,4,3,2
F2018_040,3,2,4,4,4
F2018_041,5,5,5,5,7
F2018_042,2,2,6,6,4
F2018_043,4,4,4,4,4
F2018_044,4,4,3,3,2
F2018_045,5,3,2,3,2
F2018_046,5,3,5,5,4
F2018_047,4,4,3,5,3
F2018_048,5,6,6,6,6
F2018_049,5,4,5,6,5
F2018_050,5,3,4,5,4
F2018_051,4,4,3,5,4
F2018_052,6,2,3,5,5
F2018_053,5,2,5,3,4
F2018_054,4,4,4,3,4
F2018_055,6,4,5,3,6
F2018_056,4,4,5,2,4
F2018_057,4,4,4,4,4
F2018_058,5,4,3,5,5
F2018_059,6,4,5,5,6
F2018_060,5,4,6,6,7
F2018_061,5,4,4,5,5
F2018_062,6,2,7,5,4
F2018_063,7,4,7,7,7
F2018_064,7,4,7,7,7
F2018_065,7,4,4,6,7
F2018_066,7,4,6,5,7
F2018_067,4,3,4,2,3
F2018_068,4,4,4,4,4
F2018_069,4,3,4,2,3
F2018_070,5,4,5,5,5
F2018_071,5,4,5,5,5
F2018_072,5,5,7,3,5
F2018_073,5,5,5,2,6
F2018_074,4,3,4,1,3
F2018_075,6,4,4,3,5
F2018_076,6,2,5,5,5
F2018_077,5,1,3,2,2
F2018_078,5,2,4,2,3
F2018_079,4,5,3,1,2
F2018_080,6,4,5,3,4
F2018_081,4,2,4,1,1
F2019_001,4,4,4,4,4
F2019_002,5,4,6,5,5
F2019_003,6,4,6,5,6
F2019_004,6,6,6,6,7
F2019_005,6,3,7,6,5
F2019_006,6,4,5,6,4
F2019_007,5,3,4,3,3
F2019_008,4,2,4,2,1
F2019_009,4,2,4,1,3
F2019_010,6,4,6,5,6
F2019_011,5,4,4,3,6
F2019_012,1,3,3,1,1
F2019_013,4,3,4,1,1
F2019_014,4,4,4,4,4
F2019_015,5,4,4,2,4
F2019_016,4,4,3,1,2
F2019_017,5,4,3,1,1
F2019_018,5,4,5,2,4
F2019_019,1,2,3,1,1
F2019_020,4,3,4,1,2
F2019_021,4,2,4,1,2
F2019_022,5,2,5,2,5
F2019_023,2,1,4,1,3
F2019_024,1,2,2,1,2
F2019_025,5,3,5,3,6
F2019_026,2,1,3,1,1
F2019_027,1,1,2,1,1
F2019_028,1,1,1,1,1
F2019_029,4,4,4,4,4
F2019_030,5,5,4,5,6
F2019_031,5,5,4,5,6
F2019_032,5,4,6,5,6
F2019_033,5,4,5,5,5
F2019_034,5,4,6,5,6
F2019_035,5,4,6,5,4
F2019_036,4,1,4,2,1
F2019_037,3,3,4,5,4
F2019_038,2,2,3,1,2
F2019_039,4,4,5,1,3
F2019_040,5,4,5,3,4
F2019_041,4,2,4,1,1
F2019_042,4,4,4,4,4
F2019_043,6,5,4,5,5
F2019_044,4,4,5,3,2
F2019_045,5,4,3,2,5
F2019_046,4,4,3,2,5
F2019_047,6,4,5,2,5
F2019_048,4,3,4,1,2
F2019_049,4,4,5,3,4
F2019_050,5,5,5,3,5
F2019_051,4,4,4,4,4
F2019_052,5,4,5,5,4
F2019_053,4,4,4,2,1
F2019_054,4,4,4,4,4
F2019_055,6,5,6,5,6
F2019_056,6,4,5,5,6
F2019_057,6,4,7,5,6
F2019_058,6,4,6,6,6
F2019_059,6,4,6,5,6
F2019_060,5,4,5,6,5
F2019_061,5,4,6,3,4
F2019_062,4,4,4,1,2
F2019_063,3,4,4,2,4
F2019_064,2,4,4,2,4
F2019_065,1,3,4,1,2
F2019_066,1,3,4,1,1
F2019_067,2,4,3,3,3
F2019_068,4,4,4,1,2
F2019_069,5,4,4,2,2
F2019_070,4,3,4,1,1
F2019_071,4,4,4,4,4
F2019_072,4,4,2,2,3
F2019_073,4,4,3,1,2
F2019_074,4,3,3,1,1
F2019_075,3,2,4,1,1
F2019_076,5,4,5,3,4
F2019_077,4,3,4,1,1
F2019_078,2,2,4,1,1
F2019_079,2,2,2,1,1
F2019_080,2,2,1,1,1
F2019_081,2,2,3,1,1
F2019_082,1,2,1,1,1
F2019_083,1,2,4,1,1
F3013_001,4,4,4,4,4
F3013_002,5,6,4,5,5
F3013_003,5,4,7,5,6
F3013_004,5,4,5,6,6
F3013_005,5,4,6,6,7
F3013_006,5,4,5,5,7
F3013_007,4,3,4,4,4
F3013_008,5,4,5,6,6
F3013_009,4,4,4,5,5
F3013_010,4,3,3,4,5
F3013_011,5,4,5,5,6
F3013_012,3,3,4,5,1
F3013_013,4,4,4,3,4
F3013_014,4,3,4,2,2
F3013_015,4,4,4,4,4
F3013_016,5,4,4,3,4
F3013_017,4,4,4,5,4
F3013_018,4,4,4,5,4
F3013_019,5,4,4,5,4
F3013_020,5,4,5,5,5
F3013_021,6,4,4,5,4
F3013_022,4,4,4,2,2
F3013_023,4,2,4,2,1
F3013_024,3,3,3,1,1
F3013_025,2,3,1,1,1
F3013_026,2,3,1,1,1
F3013_027,1,2,1,1,1
F3013_028,1,1,1,1,1
F3013_029,4,4,4,4,4
F3013_030,7,4,5,6,7
F3013_031,6,5,6,6,7
F3013_032,6,4,5,5,6
F3013_033,5,4,5,6,5
F3013_034,5,4,4,5,5
F3013_035,4,3,4,3,4
F3013_036,6,5,5,5,5
F3013_037,4,3,4,3,4
F3013_038,5,4,5,4,5
F3013_039,5,2,5,3,5
F3013_040,6,4,4,3,4
F3013_041,4,2,4,1,3
F3013_042,4,4,4,4,4
F3013_043,4,4,4,3,4
F3013_044,5,3,4,2,3
F3013_045,5,4,3,2,4
F3013_046,5,4,4,3,3
F3013_047,4,4,4,4,3
F3013_048,4,3,4,4,4
F3013_049,4,2,4,2,4
F3013_050,4,3,4,3,5
F3013_051,4,4,4,3,5
F3013_052,5,3,4,5,5
F3013_053,4,3,4,1,3
F3013_054,4,4,4,4,4
F3013_055,6,5,5,5,7
F3013_056,5,4,5,5,5
F3013_057,5,4,4,3,5
F3013_058,5,4,5,5,5
F3013_059,4,4,6,5,5
F3013_060,4,3,4,2,3
F3013_061,5,3,4,3,4
F3013_062,4,3,3,1,4
F3013_063,3,2,3,1,3
F3013_064,2,1,1,1,2
F3013_065,2,1,1,1,1
F3013_066,4,4,4,4,4
F3013_067,4,4,4,3,4
F3013_068,5,4,3,2,4
F3013_069,4,4,4,3,4
F3013_070,5,3,4,3,4
F3013_071,3,2,4,2,3
F3013_072,5,4,4,2,3
F3013_073,5,4,3,3,4
F3013_074,4,2,2,1,3
F3013_075,4,1,2,1,3
F3013_076,3,3,3,1,2
F3013_077,5,4,5,5,5
F3013_078,2,2,4,1,2
F3016_001,4,4,4,4,4
F3016_002,5,4,3,5,4
F3016_003,4,3,4,4,2
F3016_004,4,4,3,5,5
F3016_005,5,4,5,5,5
F3016_006,3,3,2,3,4
F3016_007,4,2,4,1,4
F3016_008,4,3,4,1,3
F3016_009,5,4,5,5,5
F3016_010,5,3,5,5,6
F3016_011,4,3,4,2,3
F3016_012,5,5,5,5,5
F3016_013,5,4,5,5,5
F3016_014,5,5,6,5,5
F3016_015,3,3,4,5,2
F3016_016,4,4,4,4,4
F3016_017,4,4,4,4,4
F3016_018,5,6,4,5,5
F3016_019,5,3,2,3,3
F3016_020,1,3,4,4,2
F3016_021,5,4,3,3,2
F3016_022,3,3,4,2,1
F3016_023,3,3,3,2,1
F3016_024,4,4,5,2,3
F3016_025,4,3,4,4,1
F3016_026,2,2,4,1,1
F3016_027,1,1,4,1,1
F3016_028,1,3,4,1,1
F3016_029,1,1,1,1,1
F3016_030,4,4,4,4,4
F3016_031,5,6,4,5,7
F3016_032,6,4,5,5,6
F3016_033,3,3,4,4,1
F3016_034,6,4,5,5,6
F3016_035,6,4,5,6,7
F3016_036,5,4,6,6,6
F3016_037,7,4,4,7,7
F3016_038,6,4,5,5,5
F3016_039,6,3,6,6,5
F3016_040,3,2,4,4,1
F3016_041,6,4,5,5,5
F3016_042,4,3,4,2,4
F3016_043,5,2,3,3,5
F3016_044,5,3,4,5,4
F3016_045,5,5,4,5,5
F3016_046,5,2,4,1,2
F3016_047,4,4,4,4,4
F3016_048,5,4,4,5,4
F3016_049,5,2,2,5,3
F3016_050,4,2,4,4,3
F3016_051,5,5,4,5,4
F3016_052,5,4,5,5,4
F3016_053,3,2,5,4,2
F3016_054,6,4,6,5,6
F3016_055,5,4,4,5,5
F3016_056,4,3,4,2,2
F3016_057,4,4,4,2,3
F3016_058,5,3,3,3,3
F3016_059,4,2,4,1,2
F3016_060,3,2,4,1,1
F3016_061,4,3,3,3,2
F3016_062,3,2,4,1,1
F3016_063,4,4,4,4,4
F3016_064,4,4,4,5,4
F3016_065,5,4,5,5,5
F3016_066,5,4,5,5,5
F3016_067,5,5,6,6,6
F3016_068,4,3,4,2,3
F3016_069,4,2,4,6,6
F3016_070,4,2,4,5,4
F3016_071,4,2,4,5,5
F3016_072,3,2,4,4,5
F3016_073,4,4,5,5,5
F3016_074,5,4,5,6,5
F3016_075,4,3,4,2,2
F3016_076,4,4,4,4,4
F3016_077,5,5,4,5,6
F3016_078,4,4,4,5,6
F3016_079,3,3,4,4,3
F3016_080,4,4,4,5,5
F3016_081,4,4,3,5,4
F3016_082,4,4,5,5,5
F3016_083,5,3,4,5,4
F3016_084,5,4,4,5,6
F3016_085,5,4,4,5,4
F3016_086,4,2,4,2,3
F3016_087,4,3,3,3,2
F3016_088,4,3,3,1,4
F3016_089,2,3,2,1,2
F3016_090,4,3,4,3,5
F3016_091,3,2,3,1,3
F3016_092,4,4,4,2,2
F3016_093,3,3,4,1,1
F3030_001,4,4,4,4,4
F3030_002,5,6,6,5,7
F3030_003,6,4,6,6,7
F3030_004,6,4,6,6,7
F3030_005,6,3,5,5,7
F3030_006,6,3,5,5,7
F3030_007,5,3,4,4,6
F3030_008,5,4,5,6,7
F3030_009,5,4,6,7,7
F3030_010,6,5,7,6,7
F3030_011,5,3,5,6,4
F3030_012,6,4,5,6,5
F3030_013,4,3,4,4,4
F3030_014,4,3,4,5,4
F3030_015,6,4,6,6,5
F3030_016,6,4,6,6,7
F3030_017,5,4,2,5,3
F3030_018,3,3,4,3,2
F3030_019,6,3,4,6,5
F3030_020,5,4,5,6,6
F3030_021,4,3,4,5,4
F3030_022,4,4,4,4,4
F3030_023,4,5,4,3,3
F3030_024,3,4,4,2,3
F3030_025,5,5,5,5,6
F3030_026,5,4,5,5,6
F3030_027,5,4,5,5,6
F3030_028,4,3,4,4,4
F3030_029,2,4,4,5,3
F3030_030,2,2,4,4,3
F3030_031,3,4,4,3,4
F3030_032,3,2,5,3,4
F3030_033,2,4,5,4,4
F3030_034,1,3,4,2,3
F3030_035,1,2,1,1,1
F3030_036,1,3,4,1,1
F3030_037,4,4,4,4,4
F3030_038,5,4,5,6,7
F3030_039,5,4,6,5,6
F3030_040,5,4,5,5,6
F3030_041,3,3,4,5,4
F3030_042,4,3,4,3,5
F3030_043,6,4,6,5,7
F3030_044,6,4,6,6,7
F3030_045,5,4,5,5,7
F3030_046,4,4,4,5,4
F3030_047,5,4,5,5,5
F3030_048,5,4,5,5,5
F3030_049,3,4,3,3,5
F3030_050,4,4,4,3,5
F3030_051,5,3,4,1,3
F3030_052,4,4,4,4,4
F3030_053,4,4,4,5,4
F3030_054,3,4,2,3,3
F3030_055,5,4,3,5,3
F3030_056,3,3,1,2,2
F3030_057,2,2,4,1,1
F3030_058,2,2,3,2,2
F3030_059,1,2,4,1,1
F3030_060,2,2,4,1,1
F3030_061,1,3,4,1,1
F3030_062,1,3,2,1,1
F3030_063,2,3,3,1,2
F3030_064,2,2,4,1,1
F3030_065,4,4,4,4,4
F3030_066,6,4,5,5,5
F3030_067,6,4,5,6,6
F3030_068,5,4,4,5,5
F3030_069,5,4,5,5,6
F3030_070,6,5,5,6,6
F3030_071,6,4,6,6,6
F3030_072,6,4,5,5,6
F3030_073,5,4,4,3,4
F3030_074,6,6,5,6,7
F3030_075,5,4,5,5,6
F3030_076,6,4,6,6,6
F3030_077,4,3,4,4,3
F3030_078,5,4,5,5,5
F3030_079,6,3,6,6,5
F3030_080,6,3,5,5,5
F3030_081,5,3,5,5,4
F3030_082,5,4,4,5,5
F3030_083,6,4,4,6,4
F3030_084,4,4,4,5,4
F3030_085,5,4,5,5,4
F3030_086,4,4,4,4,4
F3030_087,4,4,4,5,4
F3030_088,5,4,4,5,5
F3030_089,5,5,4,5,5
F3030_090,5,4,4,5,4
F3030_091,5,4,6,6,7
F3030_092,5,4,5,6,5
F3030_093,4,3,4,4,4
F3030_094,5,4,4,5,6
F3030_095,4,3,4,5,5
F3030_096,4,3,4,5,6
F3030_097,5,3,4,5,6
F3030_098,5,4,5,6,7
F3030_099,4,3,4,3,4
F4002_001,4,4,4,4,4
F4002_002,5,6,5,5,6
F4002_003,5,4,5,6,5
F4002_004,5,4,5,7,6
F4002_005,3,3,4,4,4
F4002_006,5,6,5,5,5
F4002_007,5,4,5,5,5
F4002_008,4,4,6,6,5
F4002_009,3,2,4,5,2
F4002_010,3,4,4,5,4
F4002_011,5,4,5,6,5
F4002_012,5,3,4,6,5
F4002_013,5,2,5,5,5
F4002_014,5,4,6,3,5
F4002_015,4,3,4,2,3
F4002_016,4,4,4,4,4
F4002_017,5,5,4,5,5
F4002_018,6,5,6,6,6
F4002_019,5,4,4,5,5
F4002_020,4,3,4,2,4
F4002_021,5,4,4,5,5
F4002_022,4,3,4,2,3
F4002_023,5,3,5,3,4
F4002_024,3,3,4,2,4
F4002_025,3,3,4,3,3
F4002_026,2,3,3,2,2
F4002_027,4,4,4,4,4
F4002_028,6,5,5,5,6
F4002_029,6,3,6,6,6
F4002_030,5,4,5,5,6
F4002_031,5,4,5,6,5
F4002_032,4,3,4,4,4
F4002_033,4,4,4,5,4
F4002_034,5,3,4,6,4
F4002_035,4,2,5,3,4
F4002_036,4,3,5,1,4
F4002_037,3,4,4,1,3
F4002_038,4,3,4,1,2
F4002_039,2,2,4,1,1
F4002_040,4,4,4,4,4
F4002_041,4,4,4,3,4
F4002_042,3,3,3,3,3
F4002_043,5,4,3,5,4
F4002_044,5,4,4,5,4
F4002_045,4,3,3,2,2
F4002_046,4,4,4,2,2
F4002_047,4,3,4,2,2
F4002_048,3,2,2,1,1
F4002_049,2,3,3,1,1
F4002_050,2,3,3,1,1
F4002_051,3,2,3,1,1
F4002_052,4,4,4,4,4
F4002_053,4,5,4,4,4
F4002_054,5,5,5,5,5
F4002_055,4,4,5,5,5
F4002_056,5,4,6,5,6
F4002_057,4,3,5,5,3
F4002_058,3,4,4,3,2
F4002_059,4,4,5,6,5
F4002_060,5,5,5,6,6
F4002_061,5,4,5,6,7
F4002_062,5,4,6,7,7
F4002_063,4,2,4,5,4
F4002_064,4,4,4,4,4
F4002_065,4,4,4,5,5
F4002_066,5,4,4,5,5
F4002_067,4,3,4,4,5
F4002_068,5,5,4,5,6
F4002_069,3,3,4,5,4
F4002_070,5,4,5,6,5
F4002_071,4,4,6,7,6
F4002_072,4,3,4,6,5
F4002_073,3,4,4,5,4
F4002_074,2,4,3,3,3
F4002_075,2,2,4,1,2
F4011_001,4,4,4,4,4
F4011_002,5,4,5,6,5
F4011_003,5,4,5,7,5
F4011_004,5,4,5,7,6
F4011_005,4,3,4,5,4
F4011_006,5,4,5,6,6
F4011_007,5,3,4,6,4
F4011_008,5,4,6,6,5
F4011_009,4,2,4,5,5
F4011_010,5,4,5,6,5
F4011_011,5,4,4,5,5
F4011_012,4,3,4,5,4
F4011_013,5,4,4,6,5
F4011_014,5,5,4,6,5
F4011_015,3,4,4,2,4
F4011_016,4,4,4,4,4
F4011_017,4,5,3,5,3
F4011_018,5,5,4,6,5
F4011_019,5,4,5,6,6
F4011_020,5,4,4,5,5
F4011_021,5,4,5,5,5
F4011_022,5,4,5,7,7
F4011_023,4,5,5,6,6
F4011_024,4,3,4,5,5
F4011_025,3,4,4,5,4
F4011_026,5,5,4,7,6
F4011_027,5,4,4,7,6
F4011_028,2,3,4,4,4
F4011_029,2,4,3,5,3
F4011_030,1,2,4,4,2
F4011_031,4,4,4,4,4
F4011_032,4,4,5,7,5
F4011_033,5,4,6,7,6
F4011_034,5,6,6,7,6
F4011_035,5,4,6,7,6
F4011_036,5,4,6,6,6
F4011_037,5,4,5,3,5
F4011_038,4,3,4,1,4
F4011_039,5,4,4,5,7
F4011_040,5,3,5,6,7
F4011_041,4,4,5,3,5
F4011_042,4,4,5,2,5
F4011_043,3,4,5,2,5
F4011_044,2,3,4,1,4
F4011_045,4,4,4,5,4
F4011_046,2,3,4,5,3
F4011_047,3,4,2,5,3
F4011_048,2,2,1,5,1
F4011_049,4,3,4,5,4
F4011_050,2,3,4,4,1
F4011_051,4,4,4,5,4
F4011_052,4,5,5,5,4
F4011_053,4,5,4,5,4
F4011_054,5,4,5,5,6
F4011_055,4,4,4,3,4
F4011_056,3,3,4,1,2
F4011_057,4,4,4,4,4
F4011_058,4,5,4,5,5
F4011_059,5,6,6,5,6
F4011_060,5,4,6,6,5
F4011_061,4,4,4,6,4
F4011_062,4,4,4,5,4
F4011_063,2,3,4,1,3
F4011_064,4,4,5,6,5
F4011_065,5,4,5,6,6
F4011_066,3,2,4,3,4
F4011_067,4,4,5,5,5
F4011_068,4,4,4,6,5
F4011_069,5,4,4,5,4
F4011_070,3,3,4,4,3
F4011_071,4,4,3,5,4
F4011_072,3,2,4,5,4
F4011_073,4,4,4,5,4
F4011_074,5,4,4,6,4
F4011_075,5,4,5,5,5
F4011_076,5,4,4,5,4
F4011_077,2,3,2,3,2
F4011_078,4,2,4,3,2
F4011_079,4,2,3,2,1
F4011_080,3,3,3,1,1
F4011_081,2,3,3,1,1
F4011_082,3,4,4,1,1
F4011_083,2,3,4,1,1
F4012_001,4,4,4,4,4
F4012_002,5,4,5,6,5
F4012_003,5,4,6,6,6
F4012_004,5,5,6,7,6
F4012_005,5,4,6,7,6
F4012_006,5,4,5,7,6
F4012_007,4,6,5,5,4
F4012_008,4,4,4,6,4
F4012_009,5,4,5,7,5
F4012_010,4,3,3,5,3
F4012_011,5,4,5,7,6
F4012_012,3,4,3,5,3
F4012_013,4,4,4,5,5
F4012_014,3,4,4,2,4
F4012_015,4,4,4,4,4
F4012_016,3,5,4,5,5
F4012_017,3,3,3,5,5
F4012_018,3,3,4,2,1
F4012_019,5,4,5,5,4
F4012_020,5,4,5,6,5
F4012_021,4,3,4,5,4
F4012_022,5,3,4,5,3
F4012_023,4,4,5,5,2
F4012_024,1,3,3,3,1
F4012_025,5,4,5,6,5
F4012_026,4,3,4,5,4
F4012_027,5,4,5,6,5
F4012_028,5,3,5,5,5
F4012_029,2,3,4,4,4
F4012_030,4,4,4,4,4
F4012_031,5,6,5,6,6
F4012_032,5,5,6,7,6
F4012_033,5,4,6,7,5
F4012_034,5,4,6,7,5
F4012_035,4,3,4,2,3
F4012_036,5,4,6,7,6
F4012_037,4,4,5,5,6
F4012_038,4,3,4,5,6
F4012_039,5,4,3,6,5
F4012_040,4,3,4,4,4
F4012_041,4,4,4,5,5
F4012_042,4,3,4,1,3
F4012_043,4,4,4,4,4
F4012_044,4,4,4,5,4
F4012_045,4,4,5,5,5
F4012_046,4,3,2,6,4
F4012_047,2,4,4,5,2
F4012_048,4,3,5,5,2
F4012_049,1,1,1,1,1
F4012_050,1,2,1,1,1
F4012_051,2,2,4,1,1
F4012_052,4,3,5,3,2
F4012_053,2,2,4,2,1
F4012_054,4,2,4,5,1
F4012_055,2,2,1,5,1
F4012_056,2,3,4,5,1
F4012_057,1,1,1,1,1
F4012_058,1,2,4,1,1
F4012_059,5,4,5,5,4
F4012_060,4,5,4,5,6
F4012_061,4,4,4,5,6
F4012_062,4,4,4,5,4
F4012_063,5,4,5,6,7
F4012_064,5,6,6,7,6
F4012_065,5,4,7,7,6
F4012_066,5,4,6,7,6
F4012_067,4,3,4,5,5
F4012_068,5,3,5,5,4
F4012_069,5,4,5,7,5
F4012_070,5,4,6,7,5
F4012_071,5,4,6,7,6
F4012_072,4,3,4,5,5
F4012_073,4,4,3,4,4
F4012_074,5,5,3,5,4
F4012_075,5,4,5,5,5
F4012_076,5,4,6,6,6
F4012_077,5,3,4,3,4
F4012_078,5,4,6,7,6
F4012_079,5,4,5,7,6
F4012_080,4,3,5,5,4
F4012_081,5,3,5,5,4
F4012_082,5,4,5,6,5
F4012_083,4,3,4,5,5
F4012_084,4,2,3,3,3
F4012_085,4,3,4,3,3
F4012_086,4,3,4,1,2
F4017_001,4,4,4,4,4
F4017_002,6,4,4,6,5
F4017_003,5,5,5,6,6
F4017_004,4,4,5,7,5
F4017_005,4,4,4,6,5
F4017_006,5,3,5,6,6
F4017_007,4,2,4,5,4
F4017_008,5,4,5,6,7
F4017_009,5,5,4,5,6
F4017_010,4,4,5,5,4
F4017_011,4,3,5,6,5
F4017_012,3,4,3,6,4
F4017_013,3,3,3,5,2
F4017_014,4,3,4,6,3
F4017_015,2,3,4,4,4
F4017_016,4,4,4,4,4
F4017_017,4,3,4,5,3
F4017_018,4,4,3,6,2
F4017_019,5,5,5,6,2
F4017_020,4,4,5,7,2
F4017_021,4,4,4,5,2
F4017_022,5,4,5,5,2
F4017_023,4,3,2,5,1
F4017_024,4,4,4,3,1
F4017_025,4,3,4,2,1
F4017_026,4,3,3,1,1
F4017_027,3,2,4,2,1
F4017_028,4,4,3,1,5
F4017_029,3,3,4,1,2
F4017_030,4,4,4,4,4
F4017_031,5,5,4,7,6
F4017_032,6,4,5,7,7
F4017_033,5,4,6,7,5
F4017_034,5,5,6,6,5
F4017_035,5,4,4,5,2
F4017_036,5,3,4,5,4
F4017_037,4,2,4,5,4
F4017_038,5,3,6,6,6
F4017_039,5,4,7,7,5
F4017_040,4,3,4,5,2
F4017_041,4,4,4,4,4
F4017_042,4,4,4,4,4
F4017_043,4,4,4,5,4
F4017_044,3,4,3,3,2
F4017_045,4,3,3,6,5
F4017_046,2,3,4,6,1
F4017_047,2,4,5,3,2
F4017_048,3,3,5,2,2
F4017_049,2,4,3,1,1
F4017_050,2,3,4,1,1
F4017_051,1,4,3,1,1
F4017_052,1,3,2,1,1
F4017_053,4,4,4,4,4
F4017_054,5,4,5,7,6
F4017_055,5,4,6,6,6
F4017_056,5,4,6,6,6
F4017_057,6,4,6,6,5
F4017_058,5,4,6,6,5
F4017_059,5,4,7,7,5
F4017_060,4,3,4,5,4
F4017_061,5,4,4,5,5
F4017_062,5,4,6,6,6
F4017_063,4,4,5,7,5
F4017_064,5,4,5,7,4
F4017_065,5,4,5,6,4
F4017_066,4,3,4,6,2
F4017_067,4,4,4,4,4
F4017_068,4,4,4,6,5
F4017_069,5,4,5,6,6
F4017_070,4,4,5,5,5
F4017_071,3,3,3,3,4
F4017_072,3,4,4,3,4
F4017_073,2,2,4,1,2
F4017_074,4,4,4,4,4
F4017_075,3,4,3,1,1
F4017_076,2,2,4,1,2
F4017_077,3,3,4,1,1
F4017_078,2,3,4,1,1
F4017_079,1,2,1,1,1
F4017_080,1,2,1,1,1
F4017_081,3,3,4,1,1
F4027_001,4,4,4,4,4
F4027_002,5,5,5,6,6
F4027_003,5,4,5,7,6
F4027_004,5,4,7,7,7
F4027_005,6,4,7,7,7
F4027_006,5,4,4,6,7
F4027_007,6,5,5,7,7
F4027_008,4,4,5,7,4
F4027_009,4,4,5,7,5
F4027_010,5,4,6,7,5
F4027_011,5,4,6,7,5
F4027_012,5,5,6,6,6
F4027_013,5,3,4,5,4
F4027_014,5,4,4,3,4
F4027_015,4,4,4,4,4
F4027_016,3,4,3,3,3
F4027_017,4,5,3,5,4
F4027_018,5,4,5,6,5
F4027_019,5,4,5,6,5
F4027_020,5,4,5,6,5
F4027_021,4,3,4,3,4
F4027_022,4,3,4,5,4
F4027_023,5,4,5,6,5
F4027_024,5,4,5,3,3
F4027_025,5,4,4,2,4
F4027_026,5,3,4,5,3
F4027_027,4,4,5,2,3
F4027_028,3,3,4,1,2
F4027_029,4,4,4,4,4
F4027_030,4,5,4,7,6
F4027_031,5,6,4,7,6
F4027_032,5,4,5,7,6
F4027_033,5,4,6,6,6
F4027_034,4,3,4,4,2
F4027_035,4,3,4,4,4
F4027_036,5,4,6,6,5
F4027_037,6,4,7,7,5
F4027_038,4,3,4,4,4
F4027_039,5,3,5,6,5
F4027_040,5,4,5,7,7
F4027_041,4,3,4,5,4
F4027_042,4,4,4,4,4
F4027_043,4,4,4,5,4
F4027_044,5,4,5,3,4
F4027_045,5,4,5,3,3
F4027_046,4,4,3,5,3
F4027_047,5,4,4,3,4
F4027_048,4,3,4,4,3
F4027_049,3,4,3,2,2
F4027_050,4,3,2,1,2
F4027_051,3,3,3,1,2
F4027_052,2,4,4,1,2
F4027_053,3,4,4,1,2
F4027_054,3,4,5,1,3
F4027_055,4,4,4,4,4
F4027_056,3,5,4,5,5
F4027_057,4,5,4,5,6
F4027_058,3,4,5,6,6
F4027_059,4,5,6,6,6
F4027_060,5,4,6,6,6
F4027_061,5,4,5,7,5
F4027_062,5,4,4,6,4
F4027_063,5,4,5,6,5
F4027_064,5,4,4,7,5
F4027_065,4,5,4,6,5
F4027_066,5,4,4,6,5
F4027_067,5,4,5,6,5
F4027_068,4,3,4,4,3
F4027_069,4,4,4,4,4
F4027_070,3,3,4,3,3
F4027_071,5,3,5,3,3
F4027_072,4,4,4,2,3
F4027_073,2,4,4,2,3
F4027_074,2,4,5,5,4
F4027_075,2,3,4,2,2
F4027_076,2,3,5,2,4
F4027_077,2,3,4,2,5
F4027_078,4,3,4,2,4
F4027_079,3,4,3,1,3
F4027_080,3,3,4,1,3
F4027_081,4,4,5,1,3
F4027_082,5,3,5,1,3
F5008_001,4,4,4,4,4
F5008_002,5,4,4,6,5
F5008_003,6,4,5,7,6
F5008_004,6,4,5,7,6
F5008_005,5,5,5,7,5
F5008_006,5,5,5,6,6
F5008_007,5,4,5,6,6
F5008_008,6,4,5,6,5
F5008_009,4,4,4,6,4
F5008_010,6,5,6,7,6
F5008_011,4,3,4,7,5
F5008_012,4,4,5,6,5
F5008_013,4,3,5,5,4
F5008_014,4,4,5,6,4
F5008_015,4,4,6,3,5
F5008_016,4,4,4,4,4
F5008_017,4,4,4,3,4
F5008_018,3,3,4,3,4
F5008_019,4,4,3,3,4
F5008_020,3,4,3,2,3
F5008_021,5,4,4,5,5
F5008_022,4,3,4,5,3
F5008_023,4,4,5,6,5
F5008_024,4,4,5,6,5
F5008_025,5,4,5,3,5
F5008_026,4,3,5,1,4
F5008_027,4,4,4,4,5
F5008_028,5,5,4,7,6
F5008_029,5,4,5,7,5
F5008_030,5,4,5,7,5
F5008_031,5,4,5,7,5
F5008_032,4,3,3,3,4
F5008_033,4,3,4,1,4
F5008_034,4,4,4,6,5
F5008_035,4,3,4,4,4
F5008_036,4,3,4,5,3
F5008_037,4,4,4,5,4
F5008_038,5,4,5,6,5
F5008_039,5,3,4,5,4
F5008_040,4,3,5,2,3
F5008_041,4,4,4,4,4
F5008_042,3,4,4,3,4
F5008_043,2,3,2,2,3
F5008_044,2,3,3,1,3
F5008_045,1,3,3,1,2
F5008_046,1,3,2,1,2
F5008_047,2,3,4,2,3
F5008_048,3,4,5,2,3
F5008_049,5,4,3,3,4
F5008_050,5,4,5,5,4
F5008_051,3,3,2,5,3
F5008_052,2,3,4,1,2
F5008_053,4,4,4,4,4
F5008_054,5,6,5,7,6
F5008_055,5,4,5,7,6
F5008_056,5,4,5,7,6
F5008_057,5,4,5,7,6
F5008_058,4,4,5,6,5
F5008_059,4,4,5,6,5
F5008_060,3,3,4,3,4
F5008_061,5,4,5,7,5
F5008_062,5,3,5,6,5
F5008_063,4,3,5,5,4
F5008_064,4,4,4,5,4
F5008_065,5,4,5,7,5
F5008_066,4,2,5,6,4
F5008_067,4,4,4,4,4
F5008_068,4,3,4,5,4
F5008_069,5,4,5,6,4
F5008_070,4,4,4,7,3
F5008_071,4,3,4,6,4
F5008_072,5,4,4,5,5
F5008_073,4,3,4,2,4
F5008_074,5,4,4,3,4
F5008_075,5,4,5,3,4
F5008_076,3,2,2,1,2
F5008_077,5,3,5,1,3
F5008_078,4,3,4,1,2
F5014_001,4,4,4,4,4
F5014_002,5,5,4,5,5
F5014_003,5,4,5,6,6
F5014_004,5,4,6,7,6
F5014_005,5,4,6,6,5
F5014_006,5,4,5,6,6
F5014_007,4,4,6,6,6
F5014_008,4,3,4,5,4
F5014_009,4,4,4,6,6
F5014_010,4,3,3,5,4
F5014_011,3,4,5,3,4
F5014_012,4,4,5,2,4
F5014_013,2,3,5,1,3
F5014_014,2,3,4,1,2
F5014_015,4,4,4,4,4
F5014_016,3,4,4,3,3
F5014_017,2,4,3,2,2
F5014_018,2,4,1,1,2
F5014_019,4,5,5,5,4
F5014_020,4,3,4,1,4
F5014_021,5,4,4,5,4
F5014_022,4,4,4,3,4
F5014_023,4,3,3,1,3
F5014_024,3,4,1,1,2
F5014_025,2,4,1,1,1
F5014_026,2,3,4,1,1
F5014_027,4,3,4,1,3
F5014_028,5,4,5,2,3
F5014_029,4,4,4,1,2
F5014_030,4,4,4,4,4
F5014_031,4,4,4,5,5
F5014_032,5,5,5,6,6
F5014_033,5,4,5,6,6
F5014_034,5,5,5,6,6
F5014_035,5,4,5,7,6
F5014_036,5,4,6,6,5
F5014_037,4,3,4,3,4
F5014_038,5,4,5,6,5
F5014_039,4,3,4,5,4
F5014_040,4,3,4,5,4
F5014_041,4,3,4,2,4
F5014_042,5,4,4,6,5
F5014_043,5,4,4,5,5
F5014_044,4,3,4,2,3
F5014_045,4,4,4,4,4
F5014_046,5,4,4,5,5
F5014_047,5,4,5,6,5
F5014_048,5,4,5,6,5
F5014_049,5,4,5,6,5
F5014_050,5,4,5,5,5
F5014_051,4,3,4,2,3
F5014_052,4,4,4,3,4
F5014_053,4,3,4,2,3
F5014_054,3,3,4,1,2
F5014_055,3,2,4,1,2
F5014_056,2,3,4,2,2
F5014_057,3,4,3,1,2
F5014_058,2,4,2,1,1
F5014_059,2,3,4,1,2
F5014_060,4,4,4,4,4
F5014_061,5,5,4,6,5
F5014_062,5,4,5,5,6
F5014_063,5,4,6,6,5
F5014_064,5,4,6,6,6
F5014_065,5,4,5,6,5
F5014_066,4,3,4,3,4
F5014_067,4,3,4,3,3
F5014_068,5,4,4,3,3
F5014_069,5,2,3,2,3
F5014_070,4,3,4,1,3
F5014_071,3,3,4,1,2
F5014_072,3,3,1,1,1
F5014_073,2,2,4,1,1
F5014_074,4,4,4,4,4
F5014_075,4,5,4,3,4
F5014_076,4,4,4,5,5
F5014_077,5,4,4,6,5
F5014_078,5,4,4,6,5
F5014_079,4,3,4,3,3
F5014_080,5,3,4,5,5
F5014_081,4,2,4,3,3
F5014_082,4,3,4,3,5
F5014_083,5,2,4,2,4
F5014_084,5,3,4,2,4
F5014_085,3,4,2,1,2
F5014_086,2,3,4,1,1
F5026_001,4,4,4,4,4
F5026_002,4,4,4,5,5
F5026_003,5,5,5,6,6
F5026_004,5,5,6,6,6
F5026_005,6,4,5,7,6
F5026_006,5,5,5,7,6
F5026_007,4,3,4,6,4
F5026_008,4,4,4,3,4
F5026_009,5,4,5,5,5
F5026_010,4,3,4,5,4
F5026_011,5,3,5,5,3
F5026_012,5,4,5,7,5
F5026_013,5,3,4,6,4
F5026_014,4,4,4,4,4
F5026_015,4,4,4,3,3
F5026_016,3,3,4,3,3
F5026_017,3,4,4,5,5
F5026_018,2,3,3,5,3
F5026_019,2,3,4,2,2
F5026_020,4,3,5,5,5
F5026_021,5,4,4,6,5
F5026_022,6,4,4,6,5
F5026_023,5,3,5,7,5
F5026_024,5,3,4,6,5
F5026_025,4,4,5,5,5
F5026_026,4,4,4,3,4
F5026_027,4,4,4,4,4
F5026_028,6,5,7,7,7
F5026_029,5,4,6,7,7
F5026_030,6,5,6,7,7
F5026_031,5,4,6,6,6
F5026_032,5,4,5,7,7
F5026_033,4,3,4,5,4
F5026_034,4,3,4,5,5
F5026_035,5,4,7,6,6
F5026_036,5,4,6,6,5
F5026_037,5,3,5,7,5
F5026_038,5,4,5,2,4
F5026_039,5,3,5,3,5
F5026_040,4,3,4,1,3
F5026_041,4,4,4,4,4
F5026_042,4,4,4,5,4
F5026_043,5,4,4,5,5
F5026_044,5,4,5,5,4
F5026_045,5,4,5,5,4
F5026_046,5,4,5,5,5
F5026_047,4,3,4,2,3
F5026_048,5,4,4,5,3
F5026_049,5,4,4,3,3
F5026_050,5,4,4,5,4
F5026_051,4,4,4,6,4
F5026_052,4,4,4,5,4
F5026_053,5,4,5,3,4
F5026_054,4,4,4,4,4
F5026_055,5,5,4,6,6
F5026_056,5,4,5,7,7
F5026_057,5,2,4,4,4
F5026_058,5,4,6,7,6
F5026_059,5,5,6,7,6
F5026_060,5,4,5,7,6
F5026_061,3,3,4,5,4
F5026_062,3,4,4,5,4
F5026_063,5,4,5,5,4
F5026_064,5,4,6,6,5
F5026_065,4,3,5,5,5
F5026_066,4,4,4,5,4
F5026_067,5,5,5,6,5
F5026_068,4,3,5,2,4
F5026_069,4,4,4,4,4
F5026_070,5,4,5,6,6
F5026_071,5,4,5,5,6
F5026_072,5,4,6,6,5
F5026_073,3,3,4,5,4
F5026_074,5,4,4,6,5
F5026_075,4,4,5,5,5
F5026_076,5,4,5,6,5
F5026_077,4,3,4,4,4
F5026_078,4,4,4,3,5
F5026_079,5,5,6,6,5
F5026_080,5,4,6,6,5
F5026_081,5,4,3,3,4
F5026_082,5,4,5,5,5
F5026_083,5,4,6,5,6
F5026_084,5,4,5,1,4
M2007_001,4,4,4,4,4
M2007_002,5,4,4,6,6
M2007_003,5,4,4,6,6
M2007_004,5,5,4,6,6
M2007_005,5,3,5,6,6
M2007_006,5,4,4,6,6
M2007_007,5,4,4,6,6
M2007_008,4,3,4,6,4
M2007_009,3,3,4,4,3
M2007_010,5,5,5,6,4
M2007_011,5,3,4,3,3
M2007_012,4,5,5,5,4
M2007_013,5,5,6,6,6
M2007_014,5,3,4,6,4
M2007_015,4,4,4,2,4
M2007_016,4,4,4,4,4
M2007_017,3,5,4,4,4
M2007_018,2,3,4,2,3
M2007_019,4,4,5,3,5
M2007_020,4,5,5,5,5
M2007_021,2,3,4,2,4
M2007_022,5,4,5,6,5
M2007_023,5,3,3,3,4
M2007_024,3,4,4,3,4
M2007_025,5,4,4,2,4
M2007_026,5,4,4,3,4
M2007_027,4,3,4,4,4
M2007_028,4,3,4,3,4
M2007_029,3,4,4,2,3
M2007_030,2,2,4,1,2
M2007_031,4,4,4,4,4
M2007_032,3,4,4,5,5
M2007_033,5,4,5,6,6
M2007_034,5,4,5,7,6
M2007_035,5,4,6,6,6
M2007_036,4,4,4,5,5
M2007_037,4,3,4,4,4
M2007_038,4,3,4,4,4
M2007_039,4,4,4,3,5
M2007_040,5,4,5,5,5
M2007_041,4,4,5,5,6
M2007_042,5,4,5,6,6
M2007_043,4,4,3,3,5
M2007_044,5,4,4,5,4
M2007_045,4,4,4,4,4
M2007_046,3,4,4,3,4
M2007_047,2,3,3,2,3
M2007_048,1,3,1,1,3
M2007_049,1,3,4,1,2
M2007_050,2,4,4,1,3
M2007_051,4,3,5,2,4
M2007_052,4,2,4,3,4
M2007_053,4,4,4,3,3
M2007_054,4,4,4,2,3
M2007_055,3,3,3,1,3
M2007_056,4,4,4,1,2
M2007_057,4,4,4,4,4
M2007_058,5,6,5,5,7
M2007_059,5,5,5,6,6
M2007_060,6,4,6,6,6
M2007_061,4,4,4,6,6
M2007_062,3,3,4,5,4
M2007_063,4,3,4,5,5
M2007_064,4,4,4,5,4
M2007_065,4,4,6,6,5
M2007_066,4,4,5,5,4
M2007_067,4,3,6,5,5
M2007_068,3,4,4,2,3
M2007_069,4,3,4,4,4
M2007_070,3,3,4,3,3
M2007_071,2,4,4,2,2
M2007_072,3,4,4,5,3
M2007_073,3,3,5,5,4
M2007_074,3,4,4,6,3
M2007_075,4,4,5,6,4
M2007_076,3,2,4,3,4
M2007_077,3,2,4,1,3
M2007_078,3,2,4,1,2
M2007_079,2,3,4,2,3
M2007_080,2,2,4,2,2
M2007_081,1,3,3,1,2
M2007_082,4,4,4,1,4
M2021_001,4,4,4,4,4
M2021_002,4,4,5,7,5
M2021_003,5,5,5,7,6
M2021_004,5,4,6,7,5
M2021_005,4,4,3,7,5
M2021_006,3,3,4,6,4
M2021_007,4,4,5,7,6
M2021_008,5,4,6,7,6
M2021_009,4,4,5,6,5
M2021_010,4,4,3,5,5
M2021_011,5,4,3,6,5
M2021_012,5,4,4,5,5
M2021_013,3,3,4,3,4
M2021_014,4,4,4,4,4
M2021_015,3,5,4,5,4
M2021_016,5,4,5,6,5
M2021_017,4,4,5,6,5
M2021_018,5,4,3,5,5
M2021_019,4,4,4,4,4
M2021_020,2,3,2,4,3
M2021_021,5,4,3,6,5
M2021_022,5,4,4,6,5
M2021_023,4,3,4,3,4
M2021_024,4,5,5,6,5
M2021_025,4,4,5,5,5
M2021_026,4,4,5,5,5
M2021_027,4,4,3,3,4
M2021_028,3,4,4,3,4
M2021_029,5,4,5,5,4
M2021_030,4,4,5,5,4
M2021_031,3,3,3,2,3
M2021_032,4,4,3,4,4
M2021_033,6,5,6,7,7
M2021_034,5,5,7,7,6
M2021_035,5,4,7,7,6
M2021_036,5,4,6,6,6
M2021_037,3,3,4,3,4
M2021_038,5,4,5,7,6
M2021_039,5,4,5,7,6
M2021_040,5,4,5,6,5
M2021_041,4,4,4,7,5
M2021_042,4,5,5,6,6
M2021_043,2,3,4,2,4
M2021_044,4,4,4,4,4
M2021_045,3,4,4,5,4
M2021_046,4,4,5,5,5
M2021_047,4,4,5,3,5
M2021_048,4,4,3,2,5
M2021_049,4,3,4,1,4
M2021_050,4,4,4,2,3
M2021_051,3,3,4,1,3
M2021_052,3,3,4,1,2
M2021_053,2,3,4,1,2
M2021_054,2,4,4,1,2
M2021_055,4,4,5,1,2
M2021_056,4,4,4,4,4
M2021_057,5,5,5,6,6
M2021_058,4,4,4,6,5
M2021_059,5,4,6,6,6
M2021_060,5,4,7,6,6
M2021_061,3,3,4,5,4
M2021_062,5,4,4,6,4
M2021_063,4,3,4,4,4
M2021_064,4,3,4,5,4
M2021_065,3,3,4,4,4
M2021_066,3,4,5,6,5
M2021_067,2,4,4,3,4
M2021_068,2,3,4,1,1
M2021_069,4,4,4,4,4
M2021_070,3,5,3,2,4
M2021_071,3,3,3,2,2
M2021_072,2,3,3,3,2
M2021_073,2,3,3,1,2
M2021_074,1,2,4,1,1
M2021_075,4,4,4,5,4
M2021_076,4,4,5,5,5
M2021_077,4,3,4,3,4
M2021_078,4,4,5,2,3
M2021_079,3,4,4,1,3
M2021_080,2,4,3,1,2
M2021_081,1,2,4,1,1
M2024_001,4,4,4,4,4
M2024_002,5,5,5,6,6
M2024_003,5,4,5,7,6
M2024_004,5,4,5,7,6
M2024_005,4,3,4,4,5
M2024_006,5,4,5,6,6
M2024_007,5,4,6,6,6
M2024_008,3,3,4,2,4
M2024_009,4,3,4,5,5
M2024_010,5,4,4,6,6
M2024_011,5,3,5,7,5
M2024_012,5,4,5,6,5
M2024_013,5,4,4,6,4
M2024_014,4,4,4,5,4
M2024_015,4,2,4,3,3
M2024_016,4,4,4,4,4
M2024_017,3,5,4,3,4
M2024_018,4,4,5,5,4
M2024_019,4,4,5,5,5
M2024_020,5,5,5,5,5
M2024_021,5,4,6,6,6
M2024_022,5,4,4,6,6
M2024_023,5,4,5,5,6
M2024_024,2,3,4,1,4
M2024_025,4,3,4,4,4
M2024_026,5,4,5,5,5
M2024_027,4,4,4,5,5
M2024_028,5,4,5,5,5
M2024_029,3,5,4,3,4
M2024_030,3,4,4,2,4
M2024_031,2,4,3,1,3
M2024_032,2,3,4,1,2
M2024_033,4,4,4,4,4
M2024_034,5,4,4,6,6
M2024_035,5,4,5,5,5
M2024_036,5,4,5,5,6
M2024_037,4,4,4,5,4
M2024_038,5,5,4,6,4
M2024_039,5,5,5,7,7
M2024_040,5,4,5,5,6
M2024_041,5,4,6,5,6
M2024_042,2,2,4,4,3
M2024_043,5,4,4,5,5
M2024_044,5,4,5,5,5
M2024_045,5,3,6,5,5
M2024_046,4,2,4,4,4
M2024_047,5,3,4,5,4
M2024_048,4,4,4,3,4
M2024_049,5,4,6,3,5
M2024_050,4,3,4,1,3
M2024_051,4,4,4,4,4
M2024_052,5,5,5,6,5
M2024_053,5,4,5,6,6
M2024_054,5,4,4,6,6
M2024_055,3,3,4,6,4
M2024_056,5,4,5,6,5
M2024_057,4,4,3,5,4
M2024_058,4,3,3,3,4
M2024_059,4,3,3,5,4
M2024_060,4,4,4,5,4
M2024_061,5,4,3,6,2
M2024_062,4,4,2,3,1
M2024_063,4,4,4,4,4
M2024_064,5,4,5,6,5
M2024_065,5,4,4,6,6
M2024_066,5,5,4,7,6
M2024_067,5,4,5,6,5
M2024_068,5,5,5,6,6
M2024_069,5,4,6,6,6
M2024_070,5,3,4,2,4
M2024_071,5,4,5,6,5
M2024_072,5,3,4,4,4
M2024_073,5,4,5,5,4
M2024_074,5,4,5,5,4
M2024_075,5,4,5,6,5
M2024_076,4,3,4,6,3
M2024_077,4,4,4,4,4
M2024_078,4,4,4,5,4
M2024_079,4,4,3,5,5
M2024_080,4,4,5,6,5
M2024_081,5,4,6,6,6
M2024_082,4,4,5,5,5
M2024_083,3,3,4,1,4
M2024_084,3,3,4,4,3
M2024_085,4,2,5,5,3
M2024_086,2,3,3,2,2
M2024_087,3,2,3,3,2
M2024_088,2,3,3,2,1
M2024_089,2,3,4,1,2
M2028_001,4,4,4,4,4
M2028_002,4,4,5,6,5
M2028_003,5,4,5,6,5
M2028_004,5,5,5,6,6
M2028_005,5,4,6,7,6
M2028_006,5,4,5,7,6
M2028_007,4,4,4,3,4
M2028_008,3,3,5,2,5
M2028_009,2,3,3,3,3
M2028_010,4,4,4,3,4
M2028_011,3,4,4,2,3
M2028_012,5,4,6,2,4
M2028_013,3,3,4,4,3
M2028_014,5,4,6,5,4
M2028_015,4,3,4,2,3
M2028_016,4,4,4,4,4
M2028_017,3,3,4,3,4
M2028_018,4,5,3,2,5
M2028_019,5,4,3,5,6
M2028_020,4,4,3,5,5
M2028_021,3,3,2,3,3
M2028_022,2,3,4,1,3
M2028_023,5,4,4,5,5
M2028_024,4,3,4,3,4
M2028_025,5,3,5,5,5
M2028_026,5,4,4,2,4
M2028_027,5,4,5,6,5
M2028_028,4,3,3,3,4
M2028_029,4,3,4,1,4
M2028_030,4,4,4,4,4
M2028_031,3,4,3,5,5
M2028_032,4,4,4,4,4
M2028_033,5,5,4,5,5
M2028_034,6,5,7,7,6
M2028_035,5,4,5,5,5
M2028_036,5,4,4,5,6
M2028_037,5,4,4,5,5
M2028_038,4,3,4,2,4
M2028_039,4,3,4,5,5
M2028_040,4,3,5,4,5
M2028_041,5,5,5,5,5
M2028_042,4,4,4,5,4
M2028_043,4,2,4,2,4
M2028_044,4,4,4,4,4
M2028_045,3,3,4,5,4
M2028_046,2,3,3,2,4
M2028_047,2,3,3,3,4
M2028_048,1,3,4,1,1
M2028_049,2,4,4,3,3
M2028_050,2,2,4,2,2
M2028_051,2,2,4,2,2
M2028_052,3,3,5,3,3
M2028_053,2,3,4,2,3
M2028_054,1,2,1,1,2
M2028_055,1,2,4,1,1
M2028_056,4,4,4,4,4
M2028_057,5,5,6,6,7
M2028_058,6,5,6,7,7
M2028_059,6,4,6,6,7
M2028_060,6,4,7,5,6
M2028_061,5,4,4,6,6
M2028_062,6,4,6,6,6
M2028_063,4,3,4,1,4
M2028_064,5,4,4,6,6
M2028_065,6,3,4,6,6
M2028_066,5,4,6,6,6
M2028_067,5,4,5,6,5
M2028_068,4,3,4,5,4
M2028_069,4,4,4,4,4
M2028_070,3,4,4,2,3
M2028_071,2,3,4,2,3
M2028_072,3,4,5,5,5
M2028_073,3,4,5,5,4
M2028_074,2,2,4,4,4
M2028_075,3,4,4,3,4
M2028_076,2,2,4,1,3
M2028_077,2,2,3,1,2
M2028_078,3,4,5,1,2
M2028_079,2,3,4,1,2
M2028_080,2,3,2,1,2
M2028_081,2,3,4,1,1
M2029_001,4,4,4,4,4
M2029_002,5,5,6,7,5
M2029_003,5,4,7,7,6
M2029_004,5,4,6,6,6
M2029_005,5,4,6,6,6
M2029_006,6,3,5,3,4
M2029_007,5,4,5,5,5
M2029_008,5,4,4,5,4
M2029_009,4,4,4,5,4
M2029_010,5,4,5,5,4
M2029_011,4,4,5,5,4
M2029_012,4,4,5,6,4
M2029_013,4,4,5,5,5
M2029_014,3,3,4,2,4
M2029_015,4,4,4,4,4
M2029_016,5,4,4,6,5
M2029_017,3,3,4,5,4
M2029_018,5,4,4,6,5
M2029_019,4,4,4,6,5
M2029_020,4,4,3,5,6
M2029_021,3,4,3,5,5
M2029_022,3,4,3,5,5
M2029_023,4,3,4,2,4
M2029_024,3,3,3,3,4
M2029_025,4,3,3,3,4
M2029_026,4,4,3,3,4
M2029_027,2,2,4,2,4
M2029_028,4,3,5,3,4
M2029_029,3,2,4,2,4
M2029_030,4,4,4,4,4
M2029_031,5,5,6,7,6
M2029_032,6,5,5,7,6
M2029_033,6,4,7,7,6
M2029_034,6,4,6,7,6
M2029_035,5,4,6,7,6
M2029_036,5,4,6,6,6
M2029_037,5,4,6,5,6
M2029_038,4,3,5,3,4
M2029_039,6,4,5,6,5
M2029_040,4,2,4,4,4
M2029_041,4,3,5,6,4
M2029_042,6,4,6,6,5
M2029_043,6,4,5,6,5
M2029_044,4,3,4,2,4
M2029_045,5,4,3,2,4
M2029_046,4,3,4,1,4
M2029_047,4,4,4,4,4
M2029_048,4,3,4,3,4
M2029_049,4,4,3,5,5
M2029_050,4,4,5,5,5
M2029_051,4,4,4,5,5
M2029_052,4,4,4,5,5
M2029_053,4,3,5,5,4
M2029_054,3,3,4,4,4
M2029_055,4,4,3,3,5
M2029_056,3,3,4,1,4
M2029_057,4,3,4,3,4
M2029_058,3,3,3,6,4
M2029_059,4,4,5,6,4
M2029_060,4,4,4,5,4
M2029_061,4,3,5,3,4
M2029_062,2,3,4,1,4
M2029_063,4,4,4,4,4
M2029_064,5,5,4,5,5
M2029_065,5,4,6,6,6
M2029_066,5,4,6,6,6
M2029_067,6,4,5,5,5
M2029_068,6,4,5,5,4
M2029_069,2,3,4,2,3
M2029_070,4,4,4,5,6
M2029_071,4,4,5,6,6
M2029_072,5,5,5,6,5
M2029_073,4,3,4,5,4
M2029_074,5,4,3,5,4
M2029_075,4,3,4,2,4
M2029_076,4,4,4,4,4
M2029_077,4,3,4,5,4
M2029_078,3,3,3,5,3
M2029_079,4,3,3,5,4
M2029_080,4,3,2,5,3
M2029_081,2,2,4,2,2
M2029_082,4,4,4,6,4
M2029_083,5,5,4,5,4
M2029_084,3,3,4,1,3
M2029_085,5,3,5,5,5
M2029_086,3,2,3,1,4
M2029_087,2,2,2,3,4
M2029_088,2,4,3,2,4
M2029_089,4,4,3,2,4
M2029_090,4,3,4,1,4
M2029_091,2,2,4,1,2
M3001_001,4,4,4,4,4
M3001_002,6,4,5,6,6
M3001_003,6,4,6,6,6
M3001_004,6,5,6,6,6
M3001_005,6,4,6,7,6
M3001_006,5,4,7,6,6
M3001_007,5,4,4,4,4
M3001_008,6,4,6,7,5
M3001_009,5,3,4,7,5
M3001_010,5,4,4,7,5
M3001_011,5,4,5,7,5
M3001_012,4,3,4,4,4
M3001_013,6,5,4,5,6
M3001_014,5,3,4,5,4
M3001_015,4,4,4,4,4
M3001_016,3,4,4,3,4
M3001_017,5,4,5,6,6
M3001_018,4,3,3,3,5
M3001_019,5,4,3,3,5
M3001_020,5,3,3,3,5
M3001_021,3,4,4,3,5
M3001_022,4,3,3,5,5
M3001_023,5,4,3,5,5
M3001_024,4,3,3,3,4
M3001_025,3,3,3,5,5
M3001_026,5,4,4,5,5
M3001_027,3,3,4,4,3
M3001_028,4,3,4,4,4
M3001_029,4,4,4,4,4
M3001_030,5,5,4,5,6
M3001_031,5,4,5,6,6
M3001_032,6,5,6,7,6
M3001_033,5,4,3,6,5
M3001_034,4,4,4,3,4
M3001_035,4,2,4,4,4
M3001_036,4,2,4,5,5
M3001_037,4,4,5,6,5
M3001_038,5,3,4,5,5
M3001_039,3,4,3,5,4
M3001_040,5,5,5,6,6
M3001_041,4,4,4,5,4
M3001_042,4,4,4,4,4
M3001_043,6,5,5,6,5
M3001_044,5,3,3,6,5
M3001_045,5,4,4,6,6
M3001_046,4,3,4,5,4
M3001_047,5,4,4,6,5
M3001_048,6,3,3,5,5
M3001_049,4,3,3,5,4
M3001_050,5,4,5,5,6
M3001_051,2,3,3,3,4
M3001_052,1,3,4,2,2
M3001_053,4,4,4,4,4
M3001_054,5,5,5,6,6
M3001_055,5,4,6,6,6
M3001_056,5,3,4,6,6
M3001_057,5,4,4,5,5
M3001_058,6,4,4,6,5
M3001_059,5,3,4,5,4
M3001_060,6,4,5,6,6
M3001_061,6,4,4,5,6
M3001_062,6,4,5,6,5
M3001_063,4,4,4,3,4
M3001_064,3,2,4,4,3
M3001_065,4,4,4,4,4
M3001_066,3,3,3,3,3
M3001_067,3,3,4,2,3
M3001_068,2,2,4,1,2
M3001_069,3,3,5,5,5
M3001_070,4,3,4,2,4
M3001_071,5,4,4,5,5
M3001_072,4,2,4,3,5
M3001_073,4,3,4,3,4
M3001_074,4,2,4,4,4
M3001_075,4,2,3,5,4
M3001_076,3,4,2,3,5
M3001_077,3,3,4,3,5
M3001_078,3,3,4,2,4
M3001_079,2,4,4,2,5
M3001_080,1,3,3,1,3
M3005_001,4,4,4,4,4
M3005_002,5,4,5,7,6
M3005_003,5,5,4,5,6
M3005_004,5,4,4,6,5
M3005_005,6,4,6,7,6
M3005_006,5,4,4,7,5
M3005_007,5,4,6,7,6
M3005_008,6,4,7,7,6
M3005_009,4,3,4,4,4
M3005_010,4,3,4,4,4
M3005_011,4,2,5,4,4
M3005_012,4,3,4,5,4
M3005_013,4,4,6,7,5
M3005_014,3,3,4,4,4
M3005_015,4,4,4,4,4
M3005_016,3,5,4,3,4
M3005_017,5,5,4,6,5
M3005_018,6,4,5,7,5
M3005_019,6,5,6,7,6
M3005_020,3,3,4,4,4
M3005_021,5,4,4,5,6
M3005_022,4,3,4,3,4
M3005_023,3,4,4,5,4
M3005_024,4,5,5,6,5
M3005_025,4,4,5,5,5
M3005_026,3,3,4,4,3
M3005_027,4,4,4,4,4
M3005_028,6,5,5,6,6
M3005_029,5,4,4,6,6
M3005_030,6,5,5,7,6
M3005_031,5,4,6,6,5
M3005_032,5,4,6,6,5
M3005_033,3,3,4,4,4
M3005_034,5,4,4,5,5
M3005_035,5,3,4,5,4
M3005_036,3,3,4,5,4
M3005_037,3,3,4,5,4
M3005_038,3,4,4,5,4
M3005_039,2,3,3,3,4
M3005_040,1,3,4,1,3
M3005_041,4,4,4,4,4
M3005_042,4,4,4,3,4
M3005_043,3,3,4,3,3
M3005_044,2,3,4,2,3
M3005_045,3,4,4,5,4
M3005_046,4,4,5,6,5
M3005_047,4,4,5,6,5
M3005_048,3,3,4,4,4
M3005_049,4,4,4,3,4
M3005_050,3,3,4,3,4
M3005_051,3,3,4,2,3
M3005_052,2,3,3,1,3
M3005_053,2,3,2,1,3
M3005_054,1,2,2,1,2
M3005_055,1,3,3,1,2
M3005_056,4,4,4,4,4
M3005_057,5,5,5,5,5
M3005_058,6,4,6,6,6
M3005_059,6,4,7,7,6
M3005_060,5,4,6,6,6
M3005_061,4,3,4,4,4
M3005_062,5,4,4,5,6
M3005_063,4,3,4,5,5
M3005_064,3,3,4,5,4
M3005_065,4,4,5,5,4
M3005_066,3,2,4,2,3
M3005_067,4,4,4,4,4
M3005_068,4,4,4,5,5
M3005_069,4,4,3,5,5
M3005_070,3,3,2,3,4
M3005_071,4,4,4,5,4
M3005_072,3,3,4,4,4
M3005_073,3,3,4,3,2
M3005_074,2,2,4,1,2
M3005_075,1,2,2,1,2
M3005_076,1,2,4,1,2
M3005_077,2,3,4,1,2
M3005_078,1,3,4,1,1
M3009_001,4,4,4,4,4
M3009_002,6,4,4,6,5
M3009_003,6,4,5,6,5
M3009_004,6,5,6,6,5
M3009_005,5,4,6,7,5
M3009_006,5,4,6,5,5
M3009_007,4,3,4,4,4
M3009_008,5,4,4,6,5
M3009_009,5,3,5,6,5
M3009_010,5,5,4,5,5
M3009_011,5,4,5,6,5
M3009_012,5,4,4,3,5
M3009_013,4,4,4,4,4
M3009_014,4,4,4,3,4
M3009_015,6,4,4,5,5
M3009_016,4,3,3,3,4
M3009_017,3,2,4,2,3
M3009_018,5,4,5,3,4
M3009_019,3,3,4,1,4
M3009_020,3,3,4,2,3
M3009_021,4,3,3,3,3
M3009_022,4,3,4,2,3
M3009_023,3,2,4,1,2
M3009_024,3,4,3,1,2
M3009_025,4,4,3,1,3
M3009_026,4,4,4,4,4
M3009_027,4,4,4,3,4
M3009_028,5,5,4,5,6
M3009_029,5,4,5,5,6
M3009_030,4,4,3,5,5
M3009_031,3,2,4,4,4
M3009_032,5,3,4,5,5
M3009_033,4,3,4,5,4
M3009_034,4,2,4,4,4
M3009_035,4,2,3,4,4
M3009_036,4,4,4,5,5
M3009_037,4,4,4,5,5
M3009_038,2,4,4,5,4
M3009_039,2,3,4,2,4
M3009_040,4,4,4,4,4
M3009_041,6,4,4,5,5
M3009_042,6,5,5,6,6
M3009_043,6,4,5,5,6
M3009_044,4,3,4,4,4
M3009_045,5,5,4,5,5
M3009_046,4,3,4,4,4
M3009_047,5,4,4,5,5
M3009_048,5,4,5,5,5
M3009_049,4,4,4,2,4
M3009_050,4,4,3,2,3
M3009_051,3,4,4,1,3
M3009_052,2,2,4,1,2
M3009_053,4,4,4,4,4
M3009_054,6,5,4,6,6
M3009_055,5,4,5,6,6
M3009_056,6,4,5,6,6
M3009_057,5,4,5,6,5
M3009_058,5,4,6,7,5
M3009_059,5,4,5,5,4
M3009_060,4,4,4,5,4
M3009_061,4,4,5,5,4
M3009_062,4,3,4,4,4
M3009_063,4,5,4,5,5
M3009_064,4,4,4,3,5
M3009_065,4,4,5,5,4
M3009_066,3,3,4,4,3
M3009_067,4,4,4,4,4
M3009_068,3,4,4,3,4
M3009_069,2,3,4,3,4
M3009_070,4,3,4,5,5
M3009_071,4,3,3,5,4
M3009_072,2,2,4,4,3
M3009_073,5,4,5,5,5
M3009_074,4,2,4,4,4
M3009_075,3,3,4,3,4
M3009_076,4,3,4,2,4
M3009_077,3,3,3,2,3
M3009_078,2,3,3,1,2
M3009_079,1,2,4,4,1
M4004_001,4,4,4,4,4
M4004_002,6,4,5,7,6
M4004_003,6,4,4,6,6
M4004_004,6,5,5,7,6
M4004_005,4,4,4,6,5
M4004_006,5,4,5,6,6
M4004_007,5,4,4,6,5
M4004_008,5,4,5,6,6
M4004_009,4,3,4,3,4
M4004_010,4,4,4,5,4
M4004_011,4,3,4,5,4
M4004_012,3,3,5,5,4
M4004_013,2,4,5,3,4
M4004_014,4,4,5,5,4
M4004_015,2,3,4,4,3
M4004_016,4,4,4,4,4
M4004_017,4,4,4,3,4
M4004_018,2,4,4,2,4
M4004_019,1,4,4,2,3
M4004_020,3,4,4,3,3
M4004_021,1,3,4,2,2
M4004_022,1,3,4,1,3
M4004_023,2,4,3,2,3
M4004_024,3,3,3,2,3
M4004_025,3,3,4,3,3
M4004_026,2,3,3,2,3
M4004_027,2,3,4,1,2
M4004_028,4,4,4,4,4
M4004_029,5,5,4,5,5
M4004_030,5,4,5,6,6
M4004_031,6,4,5,5,5
M4004_032,5,4,5,5,6
M4004_033,5,4,5,5,5
M4004_034,4,3,4,4,4
M4004_035,4,4,5,5,5
M4004_036,4,3,4,5,4
M4004_037,3,3,4,4,4
M4004_038,4,4,4,5,5
M4004_039,3,4,5,3,4
M4004_040,3,3,5,2,4
M4004_041,4,4,4,4,4
M4004_042,4,4,4,3,4
M4004_043,3,4,3,2,4
M4004_044,2,4,2,2,5
M4004_045,4,4,4,5,6
M4004_046,3,4,5,5,5
M4004_047,3,3,4,4,4
M4004_048,4,4,4,5,5
M4004_049,4,3,4,3,4
M4004_050,4,3,5,5,5
M4004_051,4,4,5,5,4
M4004_052,2,3,3,4,3
M4004_053,4,4,4,4,4
M4004_054,5,5,5,5,6
M4004_055,5,5,5,5,6
M4004_056,5,4,4,5,6
M4004_057,4,4,5,5,4
M4004_058,5,4,5,5,5
M4004_059,5,4,6,5,5
M4004_060,4,3,4,5,4
M4004_061,4,3,5,5,4
M4004_062,4,3,3,4,4
M4004_063,4,3,3,3,3
M4004_064,4,4,3,2,3
M4004_065,4,4,2,2,3
M4004_066,4,3,3,1,3
M4004_067,4,4,4,4,4
M4004_068,3,4,4,3,4
M4004_069,3,4,4,3,4
M4004_070,3,4,4,5,4
M4004_071,5,5,5,5,5
M4004_072,5,4,4,5,5
M4004_073,4,3,4,4,4
M4004_074,5,4,5,2,4
M4004_075,5,4,5,2,5
M4004_076,4,3,3,2,5
M4004_077,3,3,4,2,4
M4004_078,3,4,4,3,4
M4004_079,2,3,3,2,3
M4004_080,2,3,4,1,3
M4015_001,4,4,4,4,4
M4015_002,6,5,6,6,6
M4015_003,6,4,7,7,6
M4015_004,6,4,7,7,6
M4015_005,6,4,6,7,6
M4015_006,6,4,6,7,6
M4015_007,4,3,4,5,4
M4015_008,6,5,7,6,5
M4015_009,5,4,6,6,5
M4015_010,5,4,7,6,6
M4015_011,4,4,7,5,4
M4015_012,3,3,7,5,5
M4015_013,4,4,5,5,5
M4015_014,5,4,5,5,5
M4015_015,3,3,4,2,4
M4015_016,4,4,4,4,4
M4015_017,3,4,4,3,4
M4015_018,2,4,4,2,3
M4015_019,4,4,4,5,4
M4015_020,5,4,6,5,4
M4015_021,5,5,6,6,5
M4015_022,4,4,5,6,5
M4015_023,4,4,6,5,5
M4015_024,4,3,4,2,4
M4015_025,3,3,4,2,3
M4015_026,4,3,3,3,3
M4015_027,3,3,3,1,2
M4015_028,3,4,4,1,2
M4015_029,2,3,3,1,2
M4015_030,3,2,4,1,3
M4015_031,1,3,3,1,2
M4015_032,1,3,4,1,2
M4015_033,4,4,4,4,4
M4015_034,5,5,3,5,5
M4015_035,6,4,4,5,5
M4015_036,6,4,6,6,5
M4015_037,5,4,5,6,5
M4015_038,5,4,6,6,5
M4015_039,4,4,4,5,4
M4015_040,5,5,4,6,6
M4015_041,4,3,4,5,4
M4015_042,4,3,5,5,4
M4015_043,5,4,6,6,5
M4015_044,4,4,3,5,5
M4015_045,3,3,3,2,3
M4015_046,4,4,4,4,4
M4015_047,4,5,4,5,5
M4015_048,4,4,5,6,5
M4015_049,5,4,5,6,6
M4015_050,5,4,5,7,6
M4015_051,5,4,5,6,5
M4015_052,4,3,4,3,4
M4015_053,4,3,4,2,4
M4015_054,3,3,4,1,4
M4015_055,3,3,4,1,4
M4015_056,2,2,4,1,4
M4015_057,3,3,5,3,4
M4015_058,2,4,3,2,3
M4015_059,1,4,2,1,2
M4015_060,1,3,4,1,2
M4015_061,4,4,4,4,4
M4015_062,6,4,5,6,6
M4015_063,6,5,5,7,6
M4015_064,6,4,5,7,6
M4015_065,5,4,6,6,6
M4015_066,6,5,5,6,6
M4015_067,5,4,5,6,6
M4015_068,4,3,4,2,4
M4015_069,5,4,5,5,5
M4015_070,4,3,5,4,4
M4015_071,4,3,4,3,4
M4015_072,4,3,4,2,4
M4015_073,5,5,6,5,5
M4015_074,4,3,4,1,4
M4015_075,4,4,4,4,4
M4015_076,4,4,4,3,4
M4015_077,4,4,3,3,4
M4015_078,4,4,5,5,5
M4015_079,3,4,4,3,5
M4015_080,5,4,4,5,5
M4015_081,4,3,4,3,4
M4015_082,4,4,4,5,5
M4015_083,4,3,4,2,4
M4015_084,4,3,3,1,4
M4015_085,3,4,3,1,3
M4015_086,3,3,2,1,4
M4015_087,2,3,3,1,3
M4015_088,1,3,4,1,2
M4020_001,4,4,4,4,4
M4020_002,6,4,4,6,6
M4020_003,6,5,4,6,6
M4020_004,6,4,5,7,6
M4020_005,5,4,5,6,6
M4020_006,6,4,5,7,6
M4020_007,4,3,4,3,4
M4020_008,4,5,4,5,5
M4020_009,5,4,5,5,6
M4020_010,5,4,6,6,6
M4020_011,5,4,5,5,5
M4020_012,5,3,4,3,4
M4020_013,5,4,4,2,4
M4020_014,4,3,4,1,3
M4020_015,4,4,4,4,4
M4020_016,4,5,4,5,5
M4020_017,5,4,5,5,5
M4020_018,3,2,4,2,3
M4020_019,4,4,4,5,4
M4020_020,4,4,5,6,6
M4020_021,4,4,5,6,6
M4020_022,5,4,5,6,5
M4020_023,4,4,5,3,4
M4020_024,3,3,4,3,4
M4020_025,4,3,4,2,4
M4020_026,3,4,5,2,4
M4020_027,2,3,3,3,4
M4020_028,4,3,3,3,4
M4020_029,4,4,5,5,5
M4020_030,2,4,3,2,4
M4020_031,1,3,4,1,3
M4020_032,4,4,4,4,4
M4020_033,5,6,5,6,6
M4020_034,6,4,6,7,6
M4020_035,6,5,6,7,6
M4020_036,6,4,5,7,6
M4020_037,4,5,4,2,4
M4020_038,6,3,4,5,5
M4020_039,6,4,5,5,5
M4020_040,5,4,6,6,6
M4020_041,5,4,7,6,6
M4020_042,5,4,5,6,6
M4020_043,6,4,6,7,6
M4020_044,4,3,4,3,4
M4020_045,4,4,4,4,4
M4020_046,4,4,3,3,4
M4020_047,3,3,3,2,4
M4020_048,3,4,2,1,4
M4020_049,2,3,1,1,3
M4020_050,1,1,4,4,1
M4020_051,5,4,5,5,5
M4020_052,5,4,5,3,5
M4020_053,5,4,5,3,5
M4020_054,3,3,3,2,4
M4020_055,3,3,4,2,4
M4020_056,2,3,2,1,4
M4020_057,3,3,4,1,4
M4020_058,4,4,4,4,4
M4020_059,6,4,5,7,7
M4020_060,7,5,6,7,7
M4020_061,6,4,7,6,7
M4020_062,4,4,4,6,6
M4020_063,3,4,3,3,5
M4020_064,5,4,5,3,5
M4020_065,4,3,4,1,4
M4020_066,6,4,6,7,7
M4020_067,5,5,6,7,7
M4020_068,5,4,5,5,6
M4020_069,4,3,5,4,6
M4020_070,4,4,5,5,6
M4020_071,2,3,4,2,4
M4020_072,4,4,4,4,4
M4020_073,3,3,3,3,4
M4020_074,4,4,4,5,4
M4020_075,3,3,3,3,4
M4020_076,3,4,3,2,3
M4020_077,2,4,4,2,4
M4020_078,1,1,4,1,1
M4020_079,4,3,4,2,3
M4020_080,5,4,3,2,4
M4020_081,5,4,3,2,4
M4020_082,4,4,3,3,4
M4020_083,3,3,2,1,3
M4020_084,4,4,5,3,4
M4020_085,3,3,4,1,3
M4022_001,4,4,4,4,4
M4022_002,5,5,5,6,6
M4022_003,5,4,5,6,7
M4022_004,6,5,6,7,6
M4022_005,5,4,6,7,6
M4022_006,5,4,6,7,7
M4022_007,5,4,6,6,6
M4022_008,4,4,4,2,4
M4022_009,5,5,5,6,5
M4022_010,5,4,6,6,5
M4022_011,5,4,6,5,5
M4022_012,5,4,5,6,6
M4022_013,5,4,5,5,4
M4022_014,4,3,4,2,4
M4022_015,4,4,4,4,4
M4022_016,5,4,5,6,5
M4022_017,4,5,4,6,6
M4022_018,5,4,5,6,6
M4022_019,5,4,6,7,6
M4022_020,5,4,5,6,6
M4022_021,3,3,4,4,3
M4022_022,4,3,4,3,4
M4022_023,4,4,4,3,5
M4022_024,3,4,3,3,4
M4022_025,4,4,5,3,4
M4022_026,3,3,3,1,3
M4022_027,5,4,3,2,4
M4022_028,4,4,4,5,5
M4022_029,5,4,5,5,5
M4022_030,4,3,4,1,4
M4022_031,4,4,4,4,4
M4022_032,5,5,5,7,6
M4022_033,5,5,5,6,6
M4022_034,5,4,5,7,7
M4022_035,5,4,6,5,6
M4022_036,6,4,5,6,7
M4022_037,5,4,6,6,6
M4022_038,4,3,4,1,4
M4022_039,5,4,4,5,5
M4022_040,5,4,4,5,5
M4022_041,5,4,4,7,6
M4022_042,5,4,4,5,5
M4022_043,4,3,4,1,3
M4022_044,4,4,4,4,4
M4022_045,4,5,4,3,5
M4022_046,5,5,3,5,5
M4022_047,5,4,5,6,6
M4022_048,6,4,5,7,6
M4022_049,5,4,5,6,5
M4022_050,5,4,5,6,6
M4022_051,4,3,4,1,4
M4022_052,3,4,4,2,4
M4022_053,3,3,3,1,4
M4022_054,3,3,4,2,4
M4022_055,2,3,4,1,4
M4022_056,2,2,3,1,3
M4022_057,2,3,3,1,3
M4022_058,3,4,3,1,3
M4022_059,2,3,4,1,3
M4022_060,4,4,4,4,4
M4022_061,5,4,5,5,6
M4022_062,5,4,5,6,6
M4022_063,5,4,5,6,6
M4022_064,5,4,5,6,6
M4022_065,5,4,3,5,5
M4022_066,4,4,3,5,5
M4022_067,3,4,3,3,4
M4022_068,3,4,4,5,5
M4022_069,4,4,4,5,5
M4022_070,4,3,4,5,5
M4022_071,3,4,4,3,5
M4022_072,4,4,5,5,5
M4022_073,3,4,3,3,5
M4022_074,4,3,4,3,4
M4022_075,4,4,4,4,4
M4022_076,4,5,3,5,5
M4022_077,4,4,5,5,6
M4022_078,5,4,5,6,6
M4022_079,5,4,6,6,6
M4022_080,5,4,5,6,5
M4022_081,4,3,4,1,4
M4022_082,4,3,4,3,3
M4022_083,3,2,2,4,3
M4022_084,3,2,3,2,3
M4022_085,2,2,4,1,2
M4022_086,2,3,2,2,2
M4022_087,2,3,1,1,2
M4022_088,1,3,4,1,2
M4025_001,4,4,4,4,4
M4025_002,5,5,4,5,5
M4025_003,5,5,5,7,6
M4025_004,5,4,5,7,6
M4025_005,5,4,5,6,6
M4025_006,5,4,6,6,6
M4025_007,4,3,4,3,4
M4025_008,4,4,4,3,4
M4025_009,5,4,5,5,5
M4025_010,4,3,4,5,4
M4025_011,4,4,5,5,5
M4025_012,4,4,3,5,4
M4025_013,4,4,5,5,5
M4025_014,5,4,5,3,5
M4025_015,4,3,4,1,4
M4025_016,4,4,4,4,4
M4025_017,3,4,4,5,4
M4025_018,3,5,4,3,4
M4025_019,3,4,3,2,3
M4025_020,4,4,4,5,5
M4025_021,4,4,3,5,5
M4025_022,3,4,4,6,5
M4025_023,2,3,4,3,4
M4025_024,4,4,5,5,5
M4025_025,4,4,5,5,5
M4025_026,5,4,5,3,4
M4025_027,4,4,4,2,4
M4025_028,5,4,4,3,5
M4025_029,3,3,5,4,3
M4025_030,5,4,6,5,5
M4025_031,5,4,6,5,6
M4025_032,4,3,4,1,4
M4025_033,4,4,4,4,4
M4025_034,4,4,4,5,5
M4025_035,5,4,6,6,5
M4025_036,5,4,5,7,6
M4025_037,5,5,5,6,6
M4025_038,5,4,6,6,6
M4025_039,4,3,4,2,4
M4025_040,5,4,5,7,5
M4025_041,4,3,4,6,5
M4025_042,4,4,4,5,5
M4025_043,5,4,5,7,6
M4025_044,5,5,5,7,6
M4025_045,5,4,5,7,5
M4025_046,4,3,4,5,3
M4025_047,4,4,3,4,4
M4025_048,3,4,4,3,4
M4025_049,2,4,4,2,4
M4025_050,2,4,4,2,5
M4025_051,5,4,5,5,6
M4025_052,2,4,3,5,4
M4025_053,3,3,4,2,4
M4025_054,2,4,4,5,5
M4025_055,3,3,4,3,5
M4025_056,5,4,5,6,5
M4025_057,5,4,4,5,5
M4025_058,5,4,5,6,6
M4025_059,5,4,5,6,6
M4025_060,4,3,4,1,5
M4025_061,4,4,4,4,4
M4025_062,5,4,5,7,6
M4025_063,6,5,5,7,6
M4025_064,6,4,5,7,6
M4025_065,5,4,6,6,6
M4025_066,5,4,6,6,6
M4025_067,4,3,4,1,5
M4025_068,4,4,4,3,4
M4025_069,3,3,3,2,4
M4025_070,4,4,5,3,5
M4025_071,4,4,5,2,5
M4025_072,4,4,4,3,4
M4025_073,4,4,5,1,4
M4025_074,3,3,4,1,4
M4025_075,4,4,4,4,4
M4025_076,4,5,5,6,5
M4025_077,4,4,5,6,5
M4025_078,5,4,6,7,6
M4025_079,5,4,6,7,6
M4025_080,5,4,5,6,6
M4025_081,5,4,5,5,5
M4025_082,4,3,4,2,4
M4025_083,5,4,4,5,6
M4025_084,6,4,4,6,6
M4025_085,5,4,5,6,5
M4025_086,5,4,5,6,5
M4025_087,3,3,4,1,4
M5003_001,4,4,4,4,4
M5003_002,4,4,4,5,5
M5003_003,5,5,4,5,6
M5003_004,5,3,5,6,7
M5003_005,5,4,6,7,6
M5003_006,5,4,6,6,6
M5003_007,6,4,5,6,6
M5003_008,4,3,4,2,4
M5003_009,5,3,5,5,5
M5003_010,4,3,4,5,4
M5003_011,4,3,4,5,4
M5003_012,4,3,5,5,5
M5003_013,5,5,6,7,6
M5003_014,5,4,5,6,6
M5003_015,5,5,5,5,6
M5003_016,4,3,4,1,4
M5003_017,4,4,4,4,4
M5003_018,3,4,4,5,5
M5003_019,5,4,4,5,4
M5003_020,4,3,3,3,3
M5003_021,2,3,4,1,2
M5003_022,3,2,4,2,3
M5003_023,4,2,4,2,3
M5003_024,3,2,4,2,4
M5003_025,3,4,4,1,3
M5003_026,2,4,3,1,2
M5003_027,2,3,4,1,2
M5003_028,4,4,4,4,4
M5003_029,4,4,4,5,5
M5003_030,5,5,5,7,6
M5003_031,5,4,5,6,6
M5003_032,4,3,4,5,4
M5003_033,5,4,5,5,5
M5003_034,5,4,5,6,5
M5003_035,4,3,4,1,4
M5003_036,5,4,4,5,6
M5003_037,4,4,5,5,5
M5003_038,5,4,5,6,5
M5003_039,4,3,4,5,4
M5003_040,5,5,4,6,5
M5003_041,3,3,4,1,4
M5003_042,4,4,4,4,4
M5003_043,4,4,5,5,4
M5003_044,3,4,3,3,4
M5003_045,2,3,3,1,3
M5003_046,5,4,5,5,5
M5003_047,5,4,5,5,5
M5003_048,4,3,4,1,4
M5003_049,4,4,5,5,5
M5003_050,4,3,4,1,4
M5003_051,2,2,4,1,3
M5003_052,3,4,3,1,5
M5003_053,4,4,5,3,5
M5003_054,4,3,4,3,5
M5003_055,2,3,1,1,3
M5003_056,1,2,4,1,2
M5003_057,4,4,4,4,4
M5003_058,5,4,4,5,6
M5003_059,5,4,5,6,6
M5003_060,4,4,4,5,5
M5003_061,4,4,4,5,5
M5003_062,3,3,4,3,4
M5003_063,5,4,4,5,5
M5003_064,4,3,5,6,5
M5003_065,4,3,4,5,4
M5003_066,4,4,4,3,5
M5003_067,3,3,4,2,4
M5003_068,5,4,5,5,5
M5003_069,4,3,4,1,3
M5003_070,4,4,4,4,4
M5003_071,4,4,4,3,4
M5003_072,1,4,3,2,3
M5003_073,1,3,4,1,2
M5003_074,3,5,4,5,4
M5003_075,4,4,5,5,4
M5003_076,3,3,4,2,3
M5003_077,2,3,4,3,3
M5003_078,2,2,4,2,2
M5003_079,2,3,4,2,2
M5003_080,2,3,4,1,2
M5003_081,1,4,4,1,2
M5003_082,1,3,2,1,1
M5003_083,1,3,4,1,2
